Wavenumber(cm^-1),2.0MLs101,2.0MLp101,2.0MLs010,2.0MLp010
998.99637,6.4982E-6,-5.6502E-6,6.66E-8,-3.6595E-6
1000.92494,5.9712E-6,-3.0481E-6,-2.096E-6,-2.8549E-6
1002.8535,2.7969E-6,-9.016E-7,-2.6076E-6,-3.09E-8
1004.78207,-7.705E-7,-6.914E-7,-3.083E-6,-3.1349E-6
1006.71063,-1.0427E-6,-1.633E-6,1.339E-7,-4.1775E-6
1008.6392,9.511E-7,-3.1567E-6,3.0431E-6,-4.3702E-6
1010.56776,2.3668E-6,-3.4519E-6,2.1547E-6,-2.4764E-6
1012.49633,1.0704E-6,-2.5022E-6,6.289E-7,-1.5707E-6
1014.42489,-1.2873E-6,-2.667E-6,5.618E-7,-1.0388E-6
1016.35345,-1.5102E-6,-2.9217E-6,2.3087E-6,-7.056E-7
1018.28202,3.799E-7,-2.6195E-6,4.9312E-6,-1.7231E-6
1020.21058,1.9308E-6,-3.3726E-6,5.4867E-6,-2.7164E-6
1022.13915,3.0083E-6,-3.2442E-6,1.7404E-6,-2.5E-6
1024.06771,3.5202E-6,-1.002E-7,-5.4969E-6,-2.6801E-6
1025.99628,2.6899E-6,3.0365E-6,-1.30074E-5,-4.505E-6
1027.92484,9.862E-7,3.1624E-6,-1.7995E-5,-5.7796E-6
1029.85341,1.049E-7,2.0437E-6,-1.84686E-5,-5.2608E-6
1031.78197,9.202E-7,2.152E-6,-1.66981E-5,-6.0407E-6
1033.71053,1.7528E-6,3.2924E-6,-1.45586E-5,-6.6533E-6
1035.6391,1.3181E-6,4.742E-6,-1.15875E-5,-4.5644E-6
1037.56766,6.055E-7,4.2281E-6,-9.1902E-6,-2.4232E-6
1039.49623,1.918E-7,3.353E-7,-6.928E-6,1.116E-7
1041.42479,6E-8,-2.5638E-6,-4.2564E-6,5.5481E-6
1043.35336,3.577E-7,1.685E-7,-3.15E-6,8.9014E-6
1045.28192,-4.03E-7,7.3522E-6,-2.5063E-6,5.7576E-6
1047.21049,-2.4644E-6,1.24736E-5,6.318E-7,-6.2E-9
1049.13905,-3.0174E-6,1.00573E-5,1.1478E-6,-1.955E-6
1051.06761,-1.132E-6,4.1531E-6,8.631E-7,5.2391E-6
1052.99618,3.024E-7,7.514E-7,5.0289E-6,6.3606E-6
1054.92474,3.937E-7,-1.8527E-6,9.6228E-6,7.0105E-6
1056.85331,-5.016E-7,-3.9729E-6,8.6829E-6,6.8572E-6
1058.78187,-1.1879E-6,-2.0516E-6,5.2387E-6,2.5526E-6
1060.71044,4.203E-7,9.947E-7,3.7957E-6,-3.1249E-6
1062.639,2.5545E-6,1.5737E-6,2.904E-6,-4.9181E-6
1064.56756,2.1086E-6,1.7704E-6,1.2039E-6,-8.02E-7
1066.49613,1.0064E-6,2.8684E-6,3.2256E-6,1.8906E-6
1068.42469,1.8029E-6,3.2989E-6,1.7545E-6,-6.917E-7
1070.35326,2.5207E-6,3.2668E-6,-1.4258E-6,-5.5108E-6
1072.28182,1.8687E-6,3.0124E-6,-1.4266E-6,-6.8739E-6
1074.21039,3.05E-7,2.2969E-6,1.8846E-6,-4.9272E-6
1076.13895,-1.417E-6,6.469E-7,3.266E-6,-3.1538E-6
1078.06752,-1.2544E-6,-2.168E-6,6.763E-7,-8.219E-7
1079.99608,1.7931E-6,-3.388E-6,2.102E-6,4.7195E-6
1081.92464,4.0573E-6,-1.4453E-6,3.6256E-6,1.07088E-5
1083.85321,1.8077E-6,1.2439E-6,5.254E-7,1.01789E-5
1085.78177,-1.9884E-6,3.5959E-6,-5.9136E-6,2.8122E-6
1087.71034,-1.6606E-6,4.4007E-6,-8.2562E-6,-7.8E-8
1089.6389,1.2674E-6,2.6136E-6,-5.5017E-6,2.6185E-6
1091.56747,1.8137E-6,4.956E-7,-4.758E-7,6.594E-7
1093.49603,7.079E-7,-2.4469E-6,1.8779E-6,-3.7517E-6
1095.4246,7.387E-7,-7.1086E-6,1.3512E-6,4.004E-7
1097.35316,5.06E-8,-8.3585E-6,4.291E-7,6.6026E-6
1099.28172,-1.5042E-6,-3.8364E-6,-9.941E-7,5.2688E-6
1101.21029,-1.9866E-6,9.347E-7,-1.9853E-6,3.1447E-6
1103.13885,-2.2748E-6,1.0576E-6,-1.457E-6,4.6182E-6
1105.06742,-2.7911E-6,-1.484E-6,-1.0206E-6,4.2111E-6
1106.99598,-2.7279E-6,-2.5507E-6,-2.2767E-6,1.0215E-6
1108.92455,-2.0887E-6,-1.9932E-6,-2.1466E-6,-1.1981E-6
1110.85311,-6.86E-7,-1.1493E-6,1.1515E-6,2.3411E-6
1112.78168,2.355E-7,-2.336E-7,2.0138E-6,9.199E-6
1114.71024,-4.963E-7,2.308E-7,-1.5352E-6,1.13766E-5
1116.6388,-1.7535E-6,2.945E-7,-2.8559E-6,7.3841E-6
1118.56737,-2.1543E-6,-3.151E-7,1.0377E-6,2.2271E-6
1120.49593,-1.5759E-6,-3.2732E-6,5.1022E-6,-6.948E-7
1122.4245,-7.851E-7,-7.1196E-6,5.4857E-6,-2.4418E-6
1124.35306,-8.275E-7,-7.4462E-6,3.3796E-6,-3.4152E-6
1126.28163,-1.1217E-6,-3.6981E-6,2.016E-7,-4.3161E-6
1128.21019,-1.663E-7,1.4541E-6,-3.0891E-6,-5.6657E-6
1130.13876,7.22E-8,5.0704E-6,-4.9865E-6,-4.532E-6
1132.06732,-1.2203E-6,4.5261E-6,-4.8926E-6,7.135E-7
1133.99588,-1.903E-6,1.3489E-6,-2.7702E-6,5.5048E-6
1135.92445,-1.298E-6,7.625E-7,1.0633E-6,4.9395E-6
1137.85301,-5.579E-7,3.5369E-6,3.0129E-6,2.1894E-6
1139.78158,4.187E-7,4.6384E-6,-4.105E-7,1.9351E-6
1141.71014,1.1292E-6,2.8653E-6,-5.0607E-6,2.1709E-6
1143.63871,2.789E-7,2.6305E-6,-6.4187E-6,5.343E-7
1145.56727,-1.0182E-6,4.4622E-6,-5.4328E-6,8.597E-7
1147.49584,-4.841E-7,4.6093E-6,-2.9925E-6,4.112E-6
1149.4244,1.8804E-6,3.1271E-6,9.08E-8,7.0773E-6
1151.35296,3.7065E-6,2.2371E-6,1.7074E-6,6.3911E-6
1153.28153,3.0612E-6,1.7261E-6,-8.2E-8,4.7343E-6
1155.21009,9.646E-7,1.325E-6,-3.0789E-6,4.1056E-6
1157.13866,-3.147E-7,6.885E-7,-2.9227E-6,2.4769E-6
1159.06722,-6.067E-7,-1.4525E-6,-4.5E-8,8.445E-7
1160.99579,-6.301E-7,-3.8284E-6,3.0889E-6,1.6846E-6
1162.92435,9.67E-8,-4.3353E-6,5.4778E-6,2.7345E-6
1164.85292,1.3422E-6,-1.7426E-6,5.2218E-6,1.392E-6
1166.78148,1.8854E-6,2.6173E-6,2.2085E-6,-5.75E-8
1168.71004,1.658E-6,5.2129E-6,-6.47E-8,6.199E-7
1170.63861,1.3234E-6,3.5849E-6,1.844E-7,2.3247E-6
1172.56717,1.0119E-6,-5.87E-7,1.2655E-6,3.8076E-6
1174.49574,-3E-9,-3.9798E-6,1.84E-6,4.316E-6
1176.4243,-1.8611E-6,-6.1269E-6,2.3729E-6,2.6884E-6
1178.35287,-3.2797E-6,-8.5934E-6,3.3444E-6,1.3183E-6
1180.28143,-2.9255E-6,-9.0514E-6,4.9267E-6,2.2399E-6
1182.21,-1.6726E-6,-5.1717E-6,6.2613E-6,1.8577E-6
1184.13856,-9.56E-8,-7.695E-7,5.9284E-6,-2.213E-7
1186.06712,2.3908E-6,3.108E-7,5.1594E-6,1.44E-8
1187.99569,4.2145E-6,-2.0577E-6,3.7815E-6,1.8767E-6
1189.92425,3.7389E-6,-4.4774E-6,-5.28E-7,3.2012E-6
1191.85282,1.9799E-6,-5.2131E-6,-3.7587E-6,3.7729E-6
1193.78138,9.241E-7,-7.1237E-6,-5.198E-7,2.6912E-6
1195.70995,1.7138E-6,-8.5203E-6,5.308E-6,-9.288E-7
1197.63851,2.9532E-6,-6.9033E-6,7.0056E-6,-4.3506E-6
1199.56708,1.8585E-6,-6.7579E-6,4.898E-6,-4.2508E-6
1201.49564,-8.572E-7,-8.8009E-6,1.7925E-6,-1.5524E-6
1203.4242,-1.6662E-6,-8.9761E-6,-1.4085E-6,1.9602E-6
1205.35277,-3.6E-8,-1.02895E-5,-2.4466E-6,4.3647E-6
1207.28133,8.127E-7,-1.56534E-5,-6.102E-7,6.568E-6
1209.2099,5.848E-7,-1.71445E-5,1.5793E-6,1.00137E-5
1211.13846,1.4644E-6,-1.20691E-5,1.2854E-6,8.3818E-6
1213.06703,1.3514E-6,-1.20464E-5,2.1974E-6,2.5428E-6
1214.99559,-2.844E-6,-2.10913E-5,9.1241E-6,9.136E-7
1216.92415,-6.674E-6,-2.88113E-5,1.63959E-5,1.1021E-6
1218.85272,-6.0238E-6,-3.02825E-5,1.16713E-5,-2.879E-7
1220.78128,-4.3309E-6,-2.90868E-5,-2.7207E-6,4.0786E-6
1222.70985,-3.3381E-6,-2.83235E-5,-9.67E-6,1.52545E-5
1224.63841,-2.6785E-6,-2.77662E-5,-7.701E-6,2.20787E-5
1226.56698,-1.8155E-6,-2.36035E-5,-4.1171E-6,1.65708E-5
1228.49554,5.828E-7,-1.84694E-5,2.0182E-6,7.9662E-6
1230.42411,1.4753E-6,-2.00428E-5,6.6113E-6,6.405E-6
1232.35267,-4.513E-7,-2.58862E-5,8.4175E-6,2.0537E-6
1234.28123,-1.5918E-6,-2.82269E-5,8.1159E-6,-8.0778E-6
1236.2098,-1.7188E-6,-2.53766E-5,2.5631E-6,-1.19547E-5
1238.13836,-1.7323E-6,-2.05938E-5,-1.9098E-6,-8.8324E-6
1240.06693,2.814E-7,-1.70756E-5,-9.925E-7,-5.6338E-6
1241.99549,4.7624E-6,-1.52767E-5,1.3454E-6,-5.9983E-6
1243.92406,7.4194E-6,-1.43334E-5,2.8941E-6,-9.0485E-6
1245.85262,5.7461E-6,-1.44446E-5,2.8339E-6,-1.24133E-5
1247.78119,2.6047E-6,-1.5721E-5,9.379E-7,-1.3943E-5
1249.70975,8.309E-7,-1.68988E-5,-6.954E-7,-1.16416E-5
1251.63831,7.369E-7,-1.58834E-5,-7.158E-7,-9.2146E-6
1253.56688,1.1922E-6,-1.21916E-5,3.604E-7,-9.6051E-6
1255.49544,1.3275E-6,-8.9282E-6,1.698E-6,-1.00756E-5
1257.42401,1.4794E-6,-6.7693E-6,1.8226E-6,-8.2859E-6
1259.35257,1.8344E-6,-2.7225E-6,1.0357E-6,-4.888E-6
1261.28114,2.1764E-6,1.3721E-6,1.2949E-6,-2.0595E-6
1263.2097,1.9973E-6,2.3441E-6,2.6272E-6,-1.922E-6
1265.13827,1.2985E-6,1.5775E-6,3.9476E-6,-3.5058E-6
1267.06683,1.1631E-6,1.8931E-6,4.3228E-6,-2.9205E-6
1268.99539,1.6103E-6,4.6806E-6,3.1557E-6,2.501E-7
1270.92396,1.5107E-6,7.3924E-6,1.4819E-6,2.7623E-6
1272.85252,9.656E-7,6.5777E-6,9.144E-7,1.6392E-6
1274.78109,9.142E-7,2.6839E-6,1.8642E-6,-1.4297E-6
1276.70965,1.1678E-6,-1.8528E-6,3.4995E-6,-3.3645E-6
1278.63822,6.086E-7,-4.5726E-6,3.3223E-6,-4.857E-6
1280.56678,-5.704E-7,-3.958E-6,-4.217E-7,-6.3082E-6
1282.49535,-1.5695E-6,-1.7332E-6,-5.5992E-6,-6.2427E-6
1284.42391,-2.0688E-6,-1.618E-7,-7.9517E-6,-5.9593E-6
1286.35247,-2.2567E-6,1.0962E-6,-6.3405E-6,-6.7117E-6
1288.28104,-2.0524E-6,2.1524E-6,-3.331E-6,-7.0582E-6
1290.2096,-1.415E-6,2.4423E-6,-4.9076E-6,-3.585E-6
1292.13817,-4.725E-7,2.5179E-6,-1.15988E-5,5.1126E-6
1294.06673,4.991E-7,2.3223E-6,-9.4173E-6,6.9411E-6
1295.9953,7.81E-7,8.788E-7,3.6579E-6,-8.5715E-6
1297.92386,1.256E-7,-1.2657E-6,8.2628E-6,-2.16141E-5
1299.85243,-3.965E-7,-3.4132E-6,2.563E-6,-1.57142E-5
1301.78099,-2.424E-7,-4.7259E-6,-3.642E-7,-4.5493E-6
1303.70955,-1.821E-7,-4.9125E-6,2.5509E-6,3.4629E-6
1305.63812,7.4E-8,-4.6213E-6,6.4371E-6,1.08626E-5
1307.56668,6.774E-7,-3.6941E-6,3.6286E-6,1.17691E-5
1309.49525,7.857E-7,-1.5098E-6,-4.9728E-6,5.1367E-6
1311.42381,3.167E-7,7.469E-7,-8.6804E-6,2.0257E-6
1313.35238,1.108E-7,1.2944E-6,-1.9844E-6,4.0636E-6
1315.28094,5.437E-7,4.88E-8,7.8085E-6,3.2007E-6
1317.20951,1.2133E-6,-1.8882E-6,8.3651E-6,6.072E-7
1319.13807,1.6969E-6,-2.9528E-6,-1.1107E-6,3.1125E-6
1321.06663,1.7619E-6,-2.5199E-6,-8.779E-6,9.7098E-6
1322.9952,1.4488E-6,-2.1749E-6,-7.1276E-6,1.14737E-5
1324.92376,8.968E-7,-2.743E-6,1.14E-8,7.4386E-6
1326.85233,4.892E-7,-2.6235E-6,5.1228E-6,6.8623E-6
1328.78089,5.588E-7,-4.524E-7,4.1189E-6,1.09706E-5
1330.70946,4.189E-7,2.5219E-6,1.504E-6,1.05773E-5
1332.63802,-3.425E-7,3.2659E-6,4.3436E-6,2.7691E-6
1334.56659,-7.442E-7,1.1571E-6,7.1394E-6,-3.575E-6
1336.49515,-3.664E-7,-9.275E-7,3.2296E-6,-4.1953E-6
1338.42371,7.014E-7,-9.894E-7,-4.665E-7,-3.4024E-6
1340.35228,1.5881E-6,3.756E-7,2.2205E-6,-4.9216E-6
1342.28084,1.3309E-6,1.953E-6,3.7383E-6,-8.8706E-6
1344.20941,4.033E-7,2.5272E-6,-3.7944E-6,-9.3526E-6
1346.13797,-2.7E-8,1.8466E-6,-1.23617E-5,-3.7143E-6
1348.06654,1.296E-7,1.3378E-6,-9.5038E-6,4.2861E-6
1349.9951,5.859E-7,1.2174E-6,4.0491E-6,1.38046E-5
1351.92366,7.012E-7,4.35E-7,9.4641E-6,1.75937E-5
1353.85223,2.633E-7,-6.997E-7,-5.4067E-6,9.377E-6
1355.78079,-6.39E-8,-1.9707E-6,-1.98415E-5,-1.0747E-6
1357.70936,-1.45E-8,-3.7739E-6,-1.36873E-5,-1.04718E-5
1359.63792,3.116E-7,-4.7371E-6,3.0259E-6,-1.71663E-5
1361.56649,8.535E-7,-2.9229E-6,1.08813E-5,-7.2572E-6
1363.49505,8.595E-7,4.391E-7,6.5143E-6,1.59609E-5
1365.42362,-9.14E-8,2.2765E-6,6.78E-7,3.04872E-5
1367.35218,-8.462E-7,2.3847E-6,-1.2198E-6,2.18242E-5
1369.28074,-1.0003E-6,2.5832E-6,-1.9281E-6,-4.37E-8
1371.20931,-1.3141E-6,2.4235E-6,-1.8854E-6,-8.3871E-6
1373.13787,-1.7014E-6,5.375E-7,3.225E-7,7.85E-7
1375.06644,-1.8806E-6,-2.0566E-6,2.203E-6,8.9232E-6
1376.995,-1.8002E-6,-3.1795E-6,1.8872E-6,8.8786E-6
1378.92357,-1.3433E-6,-2.85E-6,2.4087E-6,6.6965E-6
1380.85213,-8.275E-7,-2.6313E-6,4.4065E-6,6.4134E-6
1382.7807,-2.505E-7,-1.9908E-6,6.3526E-6,7.6414E-6
1384.70926,4.11E-7,-7.06E-8,7.6282E-6,9.9787E-6
1386.63782,7.819E-7,1.4887E-6,6.9105E-6,1.15733E-5
1388.56639,5.483E-7,1.4823E-6,3.7415E-6,9.3776E-6
1390.49495,-4.227E-7,9.397E-7,-1.16E-8,4.8342E-6
1392.42352,-1.101E-6,1.786E-6,-1.3611E-6,2.4075E-6
1394.35208,-1.3173E-6,3.6793E-6,-4.228E-7,2.8218E-6
1396.28065,-9.541E-7,3.808E-6,8.68E-8,3.6408E-6
1398.20921,-2.462E-7,2.1702E-6,-4.97E-8,4.1775E-6
1400.13778,3.749E-7,1.4195E-6,-4.52E-8,4.5856E-6
1402.06634,4.884E-7,1.8122E-6,-2.364E-7,4.1354E-6
1403.9949,1.819E-7,1.8109E-6,-2.513E-7,2.3947E-6
1405.92347,-1.537E-7,8.018E-7,3.775E-7,3.74E-7
1407.85203,-6.62E-8,-3.589E-7,8.415E-7,-5.505E-7
1409.7806,1.813E-7,-7.697E-7,4.973E-7,-4.412E-7
1411.70916,-7.96E-8,-1.5547E-6,-4.186E-7,-3.264E-7
1413.63773,-4.733E-7,-2.5223E-6,-1.2689E-6,-4.731E-7
1415.56629,-2.491E-7,-1.2336E-6,-1.2832E-6,9.43E-8
1417.49486,5.14E-7,1.7425E-6,-6.568E-7,1.2548E-6
1419.42342,8.239E-7,3.4624E-6,-4.61E-7,1.0673E-6
1421.35198,3.109E-7,3.0519E-6,-1.4474E-6,-6.232E-7
1423.28055,1.44E-7,1.4872E-6,-2.2152E-6,-2.2081E-6
1425.20911,7.911E-7,7.6E-7,-1.8381E-6,-3.3373E-6
1427.13768,1.4973E-6,1.7811E-6,-1.0667E-6,-4.1889E-6
1429.06624,1.5216E-6,2.4011E-6,-6.116E-7,-4.8562E-6
1430.99481,1.1844E-6,2.203E-7,-4.575E-7,-6.1294E-6
1432.92337,1.2067E-6,-2.788E-6,-2.786E-7,-7.0342E-6
1434.85194,1.409E-6,-2.6218E-6,-3.68E-7,-5.9552E-6
1436.7805,1.3139E-6,-1.4609E-6,-1.0513E-6,-4.4348E-6
1438.70906,7.814E-7,-3.4693E-6,-1.8043E-6,-4.2223E-6
1440.63763,2.036E-7,-5.6802E-6,-2.0446E-6,-4.7147E-6
1442.56619,-2.79E-8,-5.5879E-6,-1.82E-6,-4.6723E-6
1444.49476,1.883E-7,-6.2535E-6,-1.5527E-6,-3.7376E-6
1446.42332,4.825E-7,-7.4489E-6,-1.635E-6,-3.3783E-6
1448.35189,-9.98E-8,-7.0265E-6,-2.089E-6,-4.1647E-6
1450.28045,-1.2751E-6,-7.9034E-6,-2.1495E-6,-4.6853E-6
1452.20902,-1.0543E-6,-1.05118E-5,-1.2275E-6,-4.3922E-6
1454.13758,8.849E-7,-9.7274E-6,-3.59E-8,-3.9839E-6
1456.06614,2.4487E-6,-5.0587E-6,1.103E-7,-3.7863E-6
1457.99471,2.3041E-6,-1.2789E-6,-6.466E-7,-4.0123E-6
1459.92327,8.838E-7,-2.5519E-6,-1.467E-6,-4.2039E-6
1461.85184,-8.631E-7,-7.6669E-6,-1.306E-6,-3.803E-6
1463.7804,-1.4017E-6,-1.0492E-5,-1.912E-7,-3.3671E-6
1465.70897,-1.651E-7,-9.8527E-6,7.964E-7,-2.9944E-6
1467.63753,1.6218E-6,-8.9605E-6,9.614E-7,-1.9622E-6
1469.5661,2.77E-6,-7.8098E-6,5.9E-7,-1.206E-7
1471.49466,2.514E-6,-6.4322E-6,4.769E-7,9.611E-7
1473.42322,2.675E-7,-6.538E-6,1.0939E-6,1.874E-7
1475.35179,-1.8406E-6,-7.4305E-6,1.6652E-6,-1.5041E-6
1477.28035,-2.052E-6,-6.5936E-6,1.3564E-6,-1.6973E-6
1479.20892,-1.1932E-6,-3.6373E-6,8.459E-7,-6.085E-7
1481.13748,1.8378E-6,-2.615E-7,7.825E-7,2.551E-7
1483.06605,6.173E-6,2.13E-7,4.061E-7,5.885E-7
1484.99461,6.4693E-6,-2.5647E-6,-4.549E-7,1.2553E-6
1486.92317,6.949E-7,-1.769E-6,-1.1974E-6,8.812E-7
1488.85174,-5.2483E-6,5.3387E-6,-1.5892E-6,-1.5085E-6
1490.7803,-5.0642E-6,1.26267E-5,-1.69E-6,-3.8819E-6
1492.70887,-2.0924E-6,1.40841E-5,-1.5414E-6,-4.8002E-6
1494.63743,-2.1126E-6,1.10948E-5,-1.5617E-6,-5.316E-6
1496.566,-4.1664E-6,1.64014E-5,-2.2873E-6,-6.376E-6
1498.49456,-5.6877E-6,3.31065E-5,-3.8812E-6,-8.015E-6
1500.42313,-7.4057E-6,3.44212E-5,-5.9072E-6,-1.06154E-5
1502.35169,-7.8181E-6,1.23131E-5,-7.7911E-6,-1.37346E-5
1504.28025,-7.0915E-6,3.4817E-6,-9.4088E-6,-1.65829E-5
1506.20882,-1.26853E-5,1.731E-5,-1.09391E-5,-1.88096E-5
1508.13738,-1.93151E-5,1.88331E-5,-1.20661E-5,-1.91477E-5
1510.06595,-1.72599E-5,-1.2636E-6,-1.21042E-5,-1.64648E-5
1511.99451,-1.28394E-5,-1.84502E-5,-1.08202E-5,-1.16886E-5
1513.92308,-8.9983E-6,-1.67033E-5,-8.2219E-6,-6.4247E-6
1515.85164,-4.0817E-6,-6.0425E-6,-4.8715E-6,-1.7481E-6
1517.78021,-5.738E-7,6.67E-8,-2.153E-6,1.1257E-6
1519.70877,1.3259E-6,5.188E-6,-7.418E-7,2.167E-6
1521.63733,1.4118E-6,9.9029E-6,-1.442E-7,2.5775E-6
1523.5659,-3.521E-7,8.9007E-6,4.615E-7,2.2093E-6
1525.49446,-1.9255E-6,5.2168E-6,1.4946E-6,5.072E-7
1527.42303,-2.0232E-6,2.1853E-6,1.6336E-6,-9.258E-7
1529.35159,-7.386E-7,4.008E-7,6.858E-7,-9.06E-7
1531.28016,7.837E-7,5.3E-8,-1.328E-7,-5.638E-7
1533.20872,3.925E-7,8.174E-7,-4.567E-7,-3.23E-7
1535.13729,-1.6923E-6,3.0403E-6,-5.601E-7,-4.447E-7
1537.06585,-1.3535E-6,5.6938E-6,-2.959E-7,-1.3445E-6
1538.99441,1.2794E-6,6.6178E-6,1.044E-7,-1.999E-6
1540.92298,1.8652E-6,4.8593E-6,-5.86E-8,-1.303E-6
1542.85154,4.619E-7,2.0328E-6,-5.484E-7,-2.801E-7
1544.78011,-7.265E-7,9.006E-7,-7.66E-7,1.473E-7
1546.70867,-1.3446E-6,2.092E-6,-9.012E-7,2.737E-7
1548.63724,-1.1643E-6,3.3823E-6,-1.3652E-6,-6.087E-7
1550.5658,-3.54E-8,2.8693E-6,-1.7576E-6,-2.6625E-6
1552.49437,1.0012E-6,1.9254E-6,-1.254E-6,-4.2931E-6
1554.42293,1.0209E-6,2.0016E-6,-4.21E-8,-4.6579E-6
1556.35149,9.437E-7,2.6959E-6,1.1559E-6,-4.0752E-6
1558.28006,1.5821E-6,4.0326E-6,1.5592E-6,-3.7454E-6
1560.20862,1.668E-6,4.4467E-6,8.448E-7,-3.8739E-6
1562.13719,5.535E-7,3.1146E-6,-1.963E-7,-3.3631E-6
1564.06575,-3.788E-7,2.059E-6,-7.139E-7,-2.6042E-6
1565.99432,-4.044E-7,1.484E-6,-3.031E-7,-2.8093E-6
1567.92288,-2.491E-7,9.076E-7,2.316E-7,-3.3415E-6
1569.85145,-4.51E-7,6.529E-7,-3.24E-8,-3.1462E-6
1571.78001,-2.748E-7,5.785E-7,-3.371E-7,-2.8455E-6
1573.70857,1.0303E-6,1.1919E-6,4.26E-8,-3.2284E-6
1575.63714,2.0037E-6,1.6643E-6,1.383E-7,-4.0589E-6
1577.5657,1.1544E-6,7.15E-8,-6.075E-7,-4.48E-6
1579.49427,-3.383E-7,-1.8831E-6,-1.2073E-6,-4.5468E-6
1581.42283,-5.977E-7,-2.3783E-6,-1.215E-6,-4.8264E-6
1583.3514,2.172E-7,-2.6062E-6,-1.1183E-6,-4.4916E-6
1585.27996,7.484E-7,-3.2924E-6,-8.886E-7,-3.3895E-6
1587.20853,3.724E-7,-3.6353E-6,-1.065E-7,-2.0914E-6
1589.13709,-1.431E-7,-3.3134E-6,8.951E-7,-6.705E-7
1591.06565,-1.965E-7,-2.6063E-6,1.1646E-6,8.723E-7
1592.99422,-1.243E-7,-1.9105E-6,9.542E-7,2.3541E-6
1594.92278,-2.82E-7,-9.862E-7,1.2307E-6,2.8187E-6
1596.85135,-9.499E-7,-4.787E-7,1.4823E-6,1.9078E-6
1598.77991,-1.8626E-6,-1.9157E-6,1.1607E-6,6.45E-7
1600.70848,-2.1955E-6,-3.9835E-6,5.967E-7,-4.807E-7
1602.63704,-2.2291E-6,-4.6283E-6,-4.173E-7,-1.8103E-6
1604.56561,-2.6852E-6,-5.2811E-6,-1.9459E-6,-2.8575E-6
1606.49417,-3.0424E-6,-6.4313E-6,-3.0017E-6,-2.8821E-6
1608.42273,-2.5779E-6,-5.8186E-6,-2.8921E-6,-2.6875E-6
1610.3513,-1.9731E-6,-3.7961E-6,-2.1717E-6,-2.4128E-6
1612.27986,-1.6781E-6,-1.5101E-6,-1.7999E-6,-1.0449E-6
1614.20843,-7.376E-7,1.9808E-6,-1.2453E-6,7.33E-8
1616.13699,3.559E-7,5.1914E-6,-8.67E-8,-9.742E-7
1618.06556,5.274E-7,5.2231E-6,7.391E-7,-1.2348E-6
1619.99412,5.756E-7,3.3352E-6,1.5083E-6,1.2664E-6
1621.92269,8.917E-7,2.038E-6,2.4423E-6,3.2137E-6
1623.85125,6.618E-7,1.1953E-6,2.6939E-6,3.839E-6
1625.77981,-2.85E-8,7.952E-7,2.4001E-6,4.514E-6
1627.70838,-8.413E-7,1.1874E-6,2.1888E-6,3.963E-6
1629.63694,-1.698E-6,5.548E-7,1.8493E-6,2.3689E-6
1631.56551,-1.6674E-6,-1.7237E-6,1.2138E-6,1.0538E-6
1633.49407,-2.007E-7,-3.3895E-6,7.283E-7,-6.382E-7
1635.42264,1.3689E-6,-3.4119E-6,7.226E-7,-2.2943E-6
1637.3512,1.438E-6,-2.1825E-6,9.762E-7,-2.4926E-6
1639.27976,1.58E-7,-1.001E-7,1.1056E-6,-1.5382E-6
1641.20833,-1.1308E-6,1.4623E-6,9.35E-7,-3.271E-7
1643.13689,-1.3348E-6,2.1568E-6,3.238E-7,1.0131E-6
1645.06546,-6.349E-7,2.4359E-6,-5.996E-7,1.4309E-6
1646.99402,-4.673E-7,1.9687E-6,-1.3073E-6,2.447E-7
1648.92259,-5.948E-7,2.0528E-6,-1.0167E-6,-8.697E-7
1650.85115,3.384E-7,4.0429E-6,1.322E-7,-1.3138E-6
1652.77972,8.026E-7,5.0835E-6,3.742E-7,-1.9826E-6
1654.70828,-7.861E-7,2.2055E-6,-5.829E-7,-2.1316E-6
1656.63684,-2.5967E-6,-2.351E-6,-1.0254E-6,-1.5205E-6
1658.56541,-3.0235E-6,-4.5091E-6,-9.166E-7,-1.4122E-6
1660.49397,-2.2659E-6,-3.2024E-6,-1.2111E-6,-1.9276E-6
1662.42254,-1.3983E-6,-1.1874E-6,-1.5632E-6,-1.7607E-6
1664.3511,-1.3222E-6,-1.5282E-6,-1.5517E-6,-6.243E-7
1666.27967,-1.4196E-6,-2.9761E-6,-1.2194E-6,6.68E-7
1668.20823,-1.3761E-6,-2.6071E-6,-6.138E-7,2.1649E-6
1670.1368,-1.7515E-6,-1.3991E-6,4.53E-8,3.2321E-6
1672.06536,-2.1279E-6,-1.7823E-6,3.807E-7,2.0579E-6
1673.99392,-1.8092E-6,-2.4586E-6,1.021E-7,-3.365E-7
1675.92249,-1.3243E-6,-1.7981E-6,-3.285E-7,-1.2497E-6
1677.85105,-1.166E-6,-1.2603E-6,-4.78E-8,-8.27E-7
1679.77962,-7.161E-7,-1.6397E-6,8.418E-7,-2.527E-7
1681.70818,2.65E-7,-1.4625E-6,1.5725E-6,4.67E-7
1683.63675,8.417E-7,-3.2E-9,1.4608E-6,9.688E-7
1685.56531,2.425E-7,6.193E-7,5.581E-7,8.531E-7
1687.49388,-6.15E-7,-9.211E-7,-5.8E-8,5.428E-7
1689.42244,-8.893E-7,-2.9609E-6,1.624E-7,5.686E-7
1691.351,-6.189E-7,-3.7999E-6,7.066E-7,1.0136E-6
1693.27957,2.173E-7,-2.2656E-6,1.0074E-6,1.0538E-6
1695.20813,1.0621E-6,8.144E-7,8.791E-7,3.952E-7
1697.1367,1.2852E-6,2.4098E-6,6.772E-7,-1.23E-7
1699.06526,1.0302E-6,1.7047E-6,6.025E-7,-4.139E-7
1700.99383,4.673E-7,-1.453E-7,3.311E-7,-1.0506E-6
1702.92239,9.29E-8,-1.8857E-6,8.96E-8,-1.4899E-6
1704.85096,5.65E-8,-2.4184E-6,1.38E-7,-1.0674E-6
1706.77952,-2.212E-7,-1.5673E-6,2.054E-7,5.11E-8
1708.70808,-8.435E-7,-2.933E-7,1.622E-7,9.442E-7
1710.63665,-1.3118E-6,-2.853E-7,-5.51E-8,5.912E-7
1712.56521,-1.2768E-6,-1.5609E-6,-1.87E-7,-5.202E-7
1714.49378,-3.297E-7,-1.7565E-6,7.15E-8,-1.495E-6
1716.42234,8.84E-7,-1.787E-7,7.214E-7,-2.0762E-6
1718.35091,6.743E-7,5.368E-7,1.4746E-6,-2.3703E-6
1720.27947,-8.484E-7,-8.749E-7,1.7788E-6,-3.4917E-6
1722.20804,-2.032E-6,-2.7985E-6,1.3966E-6,-4.6875E-6
1724.1366,-2.4971E-6,-4.3248E-6,8.703E-7,-3.2288E-6
1726.06516,-2.5677E-6,-5.5439E-6,6.788E-7,-4.034E-7
1727.99373,-2.2752E-6,-6.6445E-6,7.824E-7,2.096E-7
1729.92229,-1.486E-6,-7.3969E-6,9.001E-7,-1.8813E-6
1731.85086,2.74E-8,-7.5491E-6,5.288E-7,-4.0651E-6
1733.77942,9.442E-7,-7.6898E-6,1.793E-7,-3.5283E-6
1735.70799,-2.002E-7,-7.6811E-6,-3.291E-7,-1.3422E-6
1737.63655,-1.5278E-6,-6.3522E-6,-8.971E-7,-2.168E-7
1739.56512,-1.5914E-6,-4.4882E-6,-1.0409E-6,-3.37E-8
1741.49368,-1.3848E-6,-2.7906E-6,-7.257E-7,2.46E-8
1743.42224,-1.3337E-6,-3.912E-7,-1.265E-7,2.797E-7
1745.35081,-1.4311E-6,2.049E-6,5.334E-7,1.0136E-6
1747.27937,-1.5143E-6,2.7881E-6,8.982E-7,1.0645E-6
1749.20794,-1.0389E-6,1.4853E-6,9.203E-7,-1.768E-7
1751.1365,-4.849E-7,-3.285E-7,8.828E-7,-7.383E-7
1753.06507,-8.875E-7,-4.057E-7,6.357E-7,2.937E-7
1754.99363,-1.5807E-6,8.455E-7,1.208E-7,1.0701E-6
1756.9222,-1.131E-6,1.1633E-6,-1.829E-7,6.149E-7
1758.85076,8.13E-8,-1.754E-7,-4.597E-7,5.93E-8
1760.77932,5.307E-7,-1.8485E-6,-6.809E-7,-1.09E-8
1762.70789,-1.477E-7,-2.591E-6,-7.352E-7,3.688E-7
1764.63645,-8.624E-7,-2.4097E-6,-5.6E-7,1.1343E-6
1766.56502,-6.941E-7,-1.908E-6,-2.169E-7,1.3336E-6
1768.49358,2.345E-7,-7.139E-7,2.881E-7,3.965E-7
1770.42215,8.86E-7,1.0857E-6,7.574E-7,-5.506E-7
1772.35071,6.839E-7,1.8105E-6,8.123E-7,-1.832E-7
1774.27927,1.222E-7,3.349E-7,4.342E-7,8.826E-7
1776.20784,-5.318E-7,-1.9898E-6,1.226E-7,1.3621E-6
1778.1364,-1.0998E-6,-3.4677E-6,-4.19E-8,1.1728E-6
1780.06497,-8.831E-7,-3.7781E-6,-2.929E-7,5.861E-7
1781.99353,-1.763E-7,-3.0071E-6,-2.975E-7,-1.866E-7
1783.9221,-1.796E-7,-1.53E-6,1.916E-7,-1.091E-6
1785.85066,-9.672E-7,-8.451E-7,7.204E-7,-1.4947E-6
1787.77923,-1.483E-6,-1.2666E-6,9.79E-7,-9.136E-7
1789.70779,-1.2997E-6,-1.1265E-6,1.0738E-6,-4.683E-7
1791.63635,-6.791E-7,-1.241E-7,9.271E-7,-7.169E-7
1793.56492,-9.19E-8,-5.07E-8,3.195E-7,-6.577E-7
1795.49348,4.456E-7,-1.2774E-6,-4.113E-7,-2.375E-7
1797.42205,1.0909E-6,-1.6491E-6,-6.742E-7,-1.171E-7
1799.35061,1.2691E-6,-9.792E-7,-6.709E-7,3.993E-7
1801.27918,5.71E-7,-8.98E-7,-8.305E-7,9.816E-7
1803.20774,-1.083E-7,-5.143E-7,-8.48E-7,1.102E-6
1805.13631,1.271E-7,8.67E-7,-5.228E-7,1.5432E-6
1807.06487,8.03E-7,1.7537E-6,-1.98E-8,1.601E-6
1808.99343,1.1795E-6,2.6151E-6,4.375E-7,1.4199E-6
1810.922,1.2261E-6,4.8218E-6,3.246E-7,2.4014E-6
1812.85056,1.207E-6,5.6662E-6,-3.863E-7,2.4414E-6
1814.77913,1.231E-6,2.8595E-6,-1.1171E-6,8.899E-7
1816.70769,1.8493E-6,-9.43E-8,-1.2936E-6,4.433E-7
1818.63626,3.2324E-6,-8.567E-7,-5.353E-7,8.171E-7
1820.56482,3.0562E-6,-1.9267E-6,4.281E-7,5.617E-7
1822.49339,-5.271E-7,-2.5349E-6,5.74E-7,3.444E-7
1824.42195,-4.71E-6,-5.628E-7,7.32E-8,6.473E-7
1826.35051,-5.8241E-6,1.3666E-6,-4.634E-7,7.152E-7
1828.27908,-3.8424E-6,1.2054E-6,-6.394E-7,1.993E-7
1830.20764,-1.4124E-6,2.14E-7,-7.627E-7,1.492E-7
1832.13621,-6.841E-7,-2.31E-7,-1.2526E-6,8.155E-7
1834.06477,-1.4291E-6,3.206E-7,-1.5478E-6,1.4897E-6
1835.99334,-2.3342E-6,2.77E-7,-1.2181E-6,2.5549E-6
1837.9219,-2.2674E-6,-1.3332E-6,-7.762E-7,3.3387E-6
1839.85047,-1.1112E-6,-2.3481E-6,-8.89E-8,2.0885E-6
1841.77903,2.982E-7,-1.5999E-6,9.749E-7,-4.335E-7
1843.70759,8.302E-7,-9.031E-7,1.237E-6,-1.8471E-6
1845.63616,7.357E-7,-1.5475E-6,5.901E-7,-1.1516E-6
1847.56472,1.3454E-6,-2.4944E-6,1.171E-7,5.272E-7
1849.49329,1.9266E-6,-3.8177E-6,-2.536E-7,1.7503E-6
1851.42185,1.4938E-6,-7.503E-6,-6.869E-7,2.2148E-6
1853.35042,4.275E-7,-1.17543E-5,-5.38E-7,2.3011E-6
1855.27898,-1.3187E-6,-1.38018E-5,2.387E-7,1.8501E-6
1857.20755,-3.0179E-6,-1.45327E-5,6.637E-7,7.797E-7
1859.13611,-4.1396E-6,-1.44356E-5,7.85E-8,3.57E-8
1861.06467,-5.49E-6,-1.44301E-5,-7.402E-7,-1.872E-7
1862.99324,-6.501E-6,-1.30731E-5,-8.437E-7,-3.566E-7
1864.9218,-5.9656E-6,-6.2792E-6,-3.283E-7,1.982E-7
1866.85037,-3.3235E-6,9.937E-7,-2.15E-8,1.2643E-6
1868.77893,3.331E-7,2.1962E-6,-2.153E-7,1.467E-6
1870.7075,1.7289E-6,1.4061E-6,-2.423E-7,7.709E-7
1872.63606,8.157E-7,2.6965E-6,-9.54E-8,-6.161E-7
1874.56463,4.462E-7,4.0465E-6,-1.999E-7,-1.5889E-6
1876.49319,4.226E-7,2.883E-6,-4.047E-7,-4.653E-7
1878.42175,6.78E-8,-6.61E-7,-5.399E-7,8.535E-7
1880.35032,5.751E-7,-3.4547E-6,-8.848E-7,4.123E-7
1882.27888,1.4996E-6,-3.2073E-6,-1.0707E-6,1.774E-7
1884.20745,1.5215E-6,-1.1329E-6,-5.582E-7,9.689E-7
1886.13601,9.355E-7,-4.13E-8,2.582E-7,9.728E-7
1888.06458,3.917E-7,-1.2762E-6,6.812E-7,1.826E-7
1889.99314,-1.007E-7,-2.9466E-6,4.188E-7,-5.38E-8
1891.92171,-2.348E-7,-2.3055E-6,-1.058E-7,-4.294E-7
1893.85027,-7.17E-8,-4.054E-7,-3.049E-7,-9.126E-7
1895.77883,-2.915E-7,6.874E-7,-2.477E-7,2.28E-8
1897.7074,-1.1265E-6,1.2867E-6,-2.034E-7,2.1283E-6
1899.63596,-1.9145E-6,1.2525E-6,1.66E-8,3.6901E-6
1901.56453,-2.0303E-6,1.3905E-6,5.169E-7,3.1563E-6
1903.49309,-1.7219E-6,3.1518E-6,1.0558E-6,7.844E-7
1905.42166,-1.6284E-6,5.2151E-6,9.63E-7,-1.7977E-6
1907.35022,-1.9714E-6,4.2338E-6,1.867E-7,-3.4503E-6
1909.27878,-2.3751E-6,-1.04E-8,-3.134E-7,-3.5578E-6
1911.20735,-2.2415E-6,-2.7652E-6,-2.304E-7,-2.3207E-6
1913.13591,-1.6223E-6,-2.8949E-6,-2.52E-8,-1.67E-8
1915.06448,-5.994E-7,-3.318E-6,3.89E-8,2.4768E-6
1916.99304,4.122E-7,-2.9645E-6,-4.454E-7,2.9093E-6
1918.92161,4.122E-7,-2.496E-7,-1.0866E-6,1.7936E-6
1920.85017,-2.495E-7,2.0948E-6,-1.1019E-6,1.7523E-6
1922.77874,-6.196E-7,1.9624E-6,-7.209E-7,1.939E-6
1924.7073,-8.548E-7,1.3821E-6,-2.693E-7,4.916E-7
1926.63586,-9.227E-7,1.1062E-6,-1.049E-7,-1.0818E-6
1928.56443,-5.432E-7,-1.0026E-6,-5.057E-7,-1.2137E-6
1930.49299,-2.477E-7,-2.8334E-6,-9.541E-7,-1.0015E-6
1932.42156,-4.716E-7,-1.1653E-6,-9.993E-7,-1.5864E-6
1934.35012,-9.793E-7,1.5679E-6,-6.342E-7,-1.7894E-6
1936.27869,-1.8877E-6,1.1125E-6,-1.568E-7,-1.0179E-6
1938.20725,-3.038E-6,-1.8264E-6,2.292E-7,-6.104E-7
1940.13582,-3.4005E-6,-3.4868E-6,6.45E-7,-6.563E-7
1942.06438,-2.9577E-6,-3.946E-6,7.727E-7,4.659E-7
1943.99294,-2.7829E-6,-4.7066E-6,3.52E-7,1.8342E-6
1945.92151,-2.7757E-6,-4.4392E-6,-5.39E-8,9.917E-7
1947.85007,-1.8544E-6,-2.9033E-6,-2.502E-7,-1.7819E-6
1949.77864,-2.198E-7,-1.2993E-6,-2.587E-7,-4.2769E-6
1951.7072,5.479E-7,-7.766E-7,-2.79E-8,-4.5164E-6
1953.63577,-5.227E-7,-2.0393E-6,1.891E-7,-2.3354E-6
1955.56433,-1.5695E-6,-3.2912E-6,1.0548E-6,7.744E-7
1957.4929,-6.25E-8,-2.0576E-6,2.9049E-6,3.0252E-6
1959.42146,1.9889E-6,-2.862E-7,3.25E-6,3.059E-6
1961.35002,1.4707E-6,-1.2862E-6,1.3897E-6,2.3044E-6
1963.27859,1.837E-7,-3.7062E-6,3.51E-8,2.6313E-6
1965.20715,2.83E-8,-4.7592E-6,-2.069E-7,2.5861E-6
1967.13572,-1.243E-7,-2.8291E-6,-2.174E-7,1.0161E-6
1969.06428,-4.812E-7,1.1663E-6,-1.793E-7,2.583E-7
1970.99285,-6.18E-7,3.094E-6,-1.89E-8,2.439E-6
1972.92141,-8.403E-7,1.9659E-6,1.762E-7,5.4405E-6
1974.84998,-9.011E-7,1.289E-6,1.309E-7,5.8294E-6
1976.77854,-3.628E-7,2.2129E-6,-2.581E-7,3.6207E-6
1978.7071,1.07E-7,2.8435E-6,-5.707E-7,1.1819E-6
1980.63567,1.742E-7,1.532E-6,-3.905E-7,-4.6E-8
1982.56423,2.545E-7,-1.7786E-6,1.265E-7,-5.17E-7
1984.4928,3.453E-7,-3.653E-6,4.806E-7,-1.5373E-6
1986.42136,3.156E-7,-1.8959E-6,6.28E-7,-2.3595E-6
1988.34993,-1.042E-7,2.129E-7,6.771E-7,-1.9517E-6
1990.27849,-8.395E-7,2.847E-7,4.311E-7,-1.8211E-6
1992.20706,-9.449E-7,-1.1328E-6,2.477E-7,-2.6543E-6
1994.13562,-3.053E-7,-3.4954E-6,6.568E-7,-3.1827E-6
1996.06418,3.072E-7,-5.0327E-6,8.115E-7,-3.1285E-6
1997.99275,6.139E-7,-3.7839E-6,1.535E-7,-2.6083E-6
1999.92131,7.813E-7,-1.6391E-6,-3.862E-7,-1.9209E-6
2001.84988,7.603E-7,-2.0824E-6,-2.574E-7,-1.8473E-6
2003.77844,1.664E-7,-4.1302E-6,1.94E-8,-1.897E-6
2005.70701,-8.604E-7,-5.0548E-6,2.377E-7,-1.5298E-6
2007.63557,-1.0912E-6,-4.5044E-6,3.119E-7,-1.4429E-6
2009.56414,-2.442E-7,-2.8192E-6,-1.335E-7,-2.1129E-6
2011.4927,3.724E-7,-1.1323E-6,-7.438E-7,-3.0753E-6
2013.42126,9.02E-8,1.061E-7,-1.1643E-6,-3.9551E-6
2015.34983,-3.846E-7,1.1438E-6,-1.717E-6,-5.0433E-6
2017.27839,-6.664E-7,6.452E-7,-2.3481E-6,-5.766E-6
2019.20696,-5.605E-7,-1.009E-7,-2.4557E-6,-4.8534E-6
2021.13552,-2.388E-7,1.8073E-6,-2.0875E-6,-3.2234E-6
2023.06409,-3.423E-7,4.3169E-6,-1.7311E-6,-3.6557E-6
2024.99265,-6.35E-7,4.3755E-6,-1.3291E-6,-5.9093E-6
2026.92122,-9.57E-8,2.7011E-6,-9.728E-7,-6.3584E-6
2028.84978,1.0483E-6,1.4165E-6,-1.0953E-6,-5.148E-6
2030.77834,1.614E-6,8.185E-7,-1.637E-6,-5.4505E-6
2032.70691,1.4194E-6,-2.877E-7,-2.3129E-6,-6.7187E-6
2034.63547,7.35E-7,-1.3545E-6,-2.6877E-6,-7.111E-6
2036.56404,-1.443E-7,-1.0664E-6,-2.6453E-6,-6.946E-6
2038.4926,5.8E-9,3.673E-7,-2.9268E-6,-7.7057E-6
2040.42117,1.1327E-6,2.0363E-6,-3.7307E-6,-9.7703E-6
2042.34973,1.2845E-6,2.6076E-6,-4.3907E-6,-1.14662E-5
2044.2783,-4.89E-8,1.5996E-6,-4.6582E-6,-1.16512E-5
2046.20686,-1.1788E-6,1.452E-7,-4.8831E-6,-1.12903E-5
2048.13542,-1.0676E-6,-5.084E-7,-5.4476E-6,-1.21353E-5
2050.06399,-6.4E-7,3.02E-8,-6.5119E-6,-1.50763E-5
2051.99255,-7.498E-7,8.48E-7,-7.5175E-6,-1.83566E-5
2053.92112,-6.837E-7,5.516E-7,-7.9947E-6,-2.03194E-5
2055.84968,-5.99E-8,-7.28E-8,-7.8609E-6,-2.19831E-5
2057.77825,4.089E-7,8.716E-7,-7.6496E-6,-2.33203E-5
2059.70681,5.445E-7,2.2536E-6,-7.789E-6,-2.30877E-5
2061.63537,4.826E-7,1.2797E-6,-7.8777E-6,-2.19966E-5
2063.56394,-4.043E-7,-7.944E-7,-8.0549E-6,-2.18141E-5
2065.4925,-1.5838E-6,-1.5244E-6,-8.3175E-6,-2.2594E-5
2067.42107,-1.697E-6,-1.9274E-6,-8.1847E-6,-2.35928E-5
2069.34963,-7.94E-7,-2.8415E-6,-8.0767E-6,-2.45157E-5
2071.2782,1.66E-8,-2.6138E-6,-8.2757E-6,-2.42687E-5
2073.20676,3.827E-7,-7.81E-8,-8.5055E-6,-2.24559E-5
2075.13533,1.004E-7,2.3422E-6,-8.8605E-6,-2.12434E-5
2077.06389,-8.936E-7,1.735E-6,-9.2323E-6,-2.15055E-5
2078.99245,-1.7599E-6,-3.922E-7,-9.2575E-6,-2.17986E-5
2080.92102,-1.3595E-6,-3.415E-7,-8.9151E-6,-2.16823E-5
2082.84958,6.44E-8,2.8947E-6,-8.6223E-6,-2.15149E-5
2084.77815,8.463E-7,5.8182E-6,-8.7796E-6,-2.1838E-5
2086.70671,4.074E-7,6.1392E-6,-9.0511E-6,-2.25916E-5
2088.63528,-2.154E-7,5.9313E-6,-8.8289E-6,-2.23377E-5
2090.56384,-2.743E-7,6.6241E-6,-8.3772E-6,-2.07549E-5
2092.49241,-3.23E-8,7.8128E-6,-8.3875E-6,-1.94868E-5
2094.42097,-7.11E-8,9.255E-6,-8.6858E-6,-1.97693E-5
2096.34953,-3.038E-7,9.929E-6,-8.7E-6,-2.11241E-5
2098.2781,-2.157E-7,9.6861E-6,-8.6129E-6,-2.191E-5
2100.20666,1.013E-7,9.9461E-6,-8.6768E-6,-2.12858E-5
2102.13523,4.666E-7,1.05671E-5,-8.8579E-6,-1.9808E-5
2104.06379,8.34E-7,1.12405E-5,-9.0053E-6,-1.80147E-5
2105.99236,1.0058E-6,1.29499E-5,-9.0076E-6,-1.63101E-5
2107.92092,7.889E-7,1.44808E-5,-8.6701E-6,-1.53446E-5
2109.84949,4.89E-7,1.4897E-5,-8.282E-6,-1.51429E-5
2111.77805,6.061E-7,1.53921E-5,-8.338E-6,-1.4706E-5
2113.70661,8.391E-7,1.5741E-5,-8.8906E-6,-1.44054E-5
2115.63518,7.091E-7,1.58211E-5,-9.5098E-6,-1.47333E-5
2117.56374,3.346E-7,1.78371E-5,-9.9582E-6,-1.41446E-5
2119.49231,-1.929E-7,2.19917E-5,-1.02069E-5,-1.24229E-5
2121.42087,-5.441E-7,2.45709E-5,-1.05241E-5,-1.19666E-5
2123.34944,-4.982E-7,2.47442E-5,-1.09456E-5,-1.35966E-5
2125.278,-2.58E-7,2.53481E-5,-1.10393E-5,-1.54073E-5
2127.20657,-1.583E-7,2.68006E-5,-1.07267E-5,-1.57795E-5
2129.13513,-3.1E-7,2.77455E-5,-1.04638E-5,-1.51072E-5
2131.06369,-6.759E-7,2.79748E-5,-1.05038E-5,-1.421E-5
2132.99226,-1.1947E-6,2.85771E-5,-1.04356E-5,-1.27214E-5
2134.92082,-1.5931E-6,2.98714E-5,-1.0276E-5,-1.09107E-5
2136.84939,-1.3634E-6,3.05038E-5,-1.03309E-5,-1.00861E-5
2138.77795,-1.0017E-6,2.97714E-5,-1.05041E-5,-1.05469E-5
2140.70652,-1.021E-6,2.88996E-5,-1.08233E-5,-1.09719E-5
2142.63508,-1.0838E-6,2.91776E-5,-1.14147E-5,-9.9157E-6
2144.56365,-1.0916E-6,3.06204E-5,-1.18938E-5,-8.1367E-6
2146.49221,-1.1696E-6,3.25262E-5,-1.16855E-5,-7.3201E-6
2148.42077,-1.5312E-6,3.34756E-5,-1.10024E-5,-7.8468E-6
2150.34934,-1.9778E-6,3.42397E-5,-1.05656E-5,-8.8136E-6
2152.2779,-1.7119E-6,3.62205E-5,-1.04785E-5,-8.986E-6
2154.20647,-6.398E-7,3.71862E-5,-1.03576E-5,-8.6277E-6
2156.13503,-3.82E-8,3.7002E-5,-1.0189E-5,-8.2123E-6
2158.0636,-8.256E-7,3.79666E-5,-1.04119E-5,-7.7229E-6
2159.99216,-2.1315E-6,3.9291E-5,-1.105E-5,-7.8127E-6
2161.92073,-2.5979E-6,3.99926E-5,-1.14626E-5,-7.3609E-6
2163.84929,-2.2507E-6,4.02101E-5,-1.1295E-5,-5.5329E-6
2165.77785,-1.9663E-6,4.0286E-5,-1.06953E-5,-4.7523E-6
2167.70642,-1.6537E-6,4.06606E-5,-9.928E-6,-5.8273E-6
2169.63498,-8.602E-7,4.0228E-5,-9.1305E-6,-6.4229E-6
2171.56355,-2.132E-7,3.7949E-5,-8.5057E-6,-5.7767E-6
2173.49211,-5.035E-7,3.58356E-5,-8.4741E-6,-5.2488E-6
2175.42068,-1.1073E-6,3.58307E-5,-8.8639E-6,-5.4045E-6
2177.34924,-9.387E-7,3.63438E-5,-9.1713E-6,-5.8134E-6
2179.27781,-4.052E-7,3.53516E-5,-8.9491E-6,-6.3886E-6
2181.20637,-3.102E-7,3.43803E-5,-8.2651E-6,-7.3672E-6
2183.13493,-2.47E-7,3.49721E-5,-7.722E-6,-8.3217E-6
2185.0635,1.262E-7,3.50449E-5,-7.8812E-6,-8.09E-6
2186.99206,3.281E-7,3.40162E-5,-8.2776E-6,-6.0388E-6
2188.92063,-1.615E-7,3.37309E-5,-8.0015E-6,-3.3908E-6
2190.84919,-1.1909E-6,3.32371E-5,-6.9924E-6,-2.053E-6
2192.77776,-1.888E-6,3.22098E-5,-6.1324E-6,-2.748E-6
2194.70632,-1.869E-6,3.25785E-5,-6.0762E-6,-4.9013E-6
2196.63488,-1.5699E-6,3.26671E-5,-6.3896E-6,-6.9073E-6
2198.56345,-1.3871E-6,3.05878E-5,-6.7387E-6,-6.7941E-6
2200.49201,-1.1108E-6,2.86574E-5,-7.1055E-6,-4.8927E-6
2202.42058,-7.858E-7,2.81766E-5,-7.1634E-6,-4.5225E-6
2204.34914,-8.679E-7,2.8321E-5,-6.7158E-6,-6.5598E-6
2206.27771,-1.3513E-6,2.81989E-5,-6.3068E-6,-8.0738E-6
2208.20627,-1.7915E-6,2.75391E-5,-6.5442E-6,-8.2512E-6
2210.13484,-1.9565E-6,2.77971E-5,-7.3322E-6,-8.3259E-6
2212.0634,-2.3035E-6,2.89629E-5,-8.0182E-6,-8.694E-6
2213.99196,-3.0633E-6,2.87461E-5,-7.9142E-6,-9.4908E-6
2215.92053,-3.5573E-6,2.66098E-5,-7.0661E-6,-9.6645E-6
2217.84909,-3.5812E-6,2.37682E-5,-6.1069E-6,-7.613E-6
2219.77766,-3.6247E-6,2.18779E-5,-5.5252E-6,-5.1409E-6
2221.70622,-3.49E-6,2.16181E-5,-5.6099E-6,-4.8596E-6
2223.63479,-3.1882E-6,2.1128E-5,-6.0173E-6,-5.3003E-6
2225.56335,-3.3104E-6,2.00244E-5,-6.0842E-6,-4.6944E-6
2227.49192,-3.8269E-6,2.00033E-5,-5.8463E-6,-3.7869E-6
2229.42048,-3.9255E-6,1.94269E-5,-5.3787E-6,-3.6307E-6
2231.34904,-3.0377E-6,1.73723E-5,-4.7658E-6,-4.2183E-6
2233.27761,-1.8666E-6,1.66174E-5,-4.2678E-6,-4.809E-6
2235.20617,-1.4412E-6,1.78451E-5,-4.0032E-6,-5.5947E-6
2237.13474,-1.8615E-6,1.87695E-5,-3.9622E-6,-6.2026E-6
2239.0633,-2.9879E-6,1.83225E-5,-4.1233E-6,-5.3705E-6
2240.99187,-4.1662E-6,1.78266E-5,-4.3075E-6,-4.2809E-6
2242.92043,-4.5189E-6,1.78988E-5,-4.3523E-6,-4.4493E-6
2244.849,-4.5045E-6,1.73453E-5,-4.6709E-6,-5.3658E-6
2246.77756,-5.0697E-6,1.54942E-5,-5.4573E-6,-6.4755E-6
2248.70612,-5.685E-6,1.27161E-5,-5.8335E-6,-6.9295E-6
2250.63469,-5.5309E-6,1.01267E-5,-5.227E-6,-5.9285E-6
2252.56325,-4.7712E-6,9.3055E-6,-4.4302E-6,-5.4133E-6
2254.49182,-4.1198E-6,1.05602E-5,-4.2659E-6,-6.6657E-6
2256.42038,-4.0862E-6,1.19796E-5,-4.6757E-6,-7.7567E-6
2258.34895,-4.5328E-6,1.16966E-5,-5.2483E-6,-8.0669E-6
2260.27751,-4.9665E-6,1.05967E-5,-5.5707E-6,-8.4007E-6
2262.20608,-5.2608E-6,1.06062E-5,-5.2655E-6,-8.37E-6
2264.13464,-5.6218E-6,1.17271E-5,-4.5304E-6,-8.6957E-6
2266.0632,-5.8536E-6,1.19504E-5,-4.0697E-6,-1.06517E-5
2267.99177,-5.6204E-6,1.00707E-5,-3.9696E-6,-1.27714E-5
2269.92033,-5.1318E-6,7.2249E-6,-3.9575E-6,-1.30853E-5
2271.8489,-4.9381E-6,4.8178E-6,-4.3724E-6,-1.23508E-5
2273.77746,-4.9048E-6,3.8264E-6,-4.8938E-6,-1.22439E-5
2275.70603,-4.9184E-6,4.0468E-6,-4.8284E-6,-1.29212E-5
2277.63459,-5.2903E-6,3.4131E-6,-4.5067E-6,-1.34463E-5
2279.56316,-5.9876E-6,5.7E-7,-4.606E-6,-1.38162E-5
2281.49172,-6.5463E-6,-4.1601E-6,-5.0618E-6,-1.47928E-5
2283.42028,-6.7529E-6,-8.9688E-6,-5.2023E-6,-1.60462E-5
2285.34885,-6.6657E-6,-1.1289E-5,-4.9385E-6,-1.72119E-5
2287.27741,-6.6455E-6,-1.02614E-5,-4.9129E-6,-1.81523E-5
2289.20598,-7.2033E-6,-7.9664E-6,-5.012E-6,-1.84603E-5
2291.13454,-7.7008E-6,-7.8471E-6,-4.8524E-6,-1.81527E-5
2293.06311,-7.0947E-6,-1.03501E-5,-4.9267E-6,-1.79308E-5
2294.99167,-6.0454E-6,-1.38203E-5,-5.336E-6,-1.85172E-5
2296.92024,-5.7702E-6,-1.78821E-5,-5.2712E-6,-1.94981E-5
2298.8488,-6.1739E-6,-2.14662E-5,-4.7293E-6,-1.97794E-5
2300.77736,-6.8426E-6,-2.38495E-5,-4.3854E-6,-1.93546E-5
2302.70593,-7.6414E-6,-2.60343E-5,-4.4103E-6,-1.98701E-5
2304.63449,-8.107E-6,-2.8044E-5,-4.8686E-6,-2.27296E-5
2306.56306,-8.0659E-6,-2.92183E-5,-5.4476E-6,-2.6445E-5
2308.49162,-8.3238E-6,-2.95111E-5,-5.3145E-6,-2.91361E-5
2310.42019,-9.4122E-6,-3.05262E-5,-4.3198E-6,-3.06495E-5
2312.34875,-1.03545E-5,-3.4552E-5,-3.3411E-6,-3.11577E-5
2314.27732,-1.05628E-5,-4.07784E-5,-3.1675E-6,-3.20408E-5
2316.20588,-1.0606E-5,-4.59753E-5,-3.5954E-6,-3.48662E-5
2318.13444,-1.03503E-5,-4.922E-5,-4.0253E-6,-3.84508E-5
2320.06301,-9.5441E-6,-5.25719E-5,-4.1163E-6,-4.10857E-5
2321.99157,-8.9353E-6,-5.6757E-5,-3.9855E-6,-4.30311E-5
2323.92014,-8.9691E-6,-6.09652E-5,-4.1834E-6,-4.50368E-5
2325.8487,-9.2438E-6,-6.40777E-5,-4.5718E-6,-4.65743E-5
2327.77727,-9.4232E-6,-6.53316E-5,-4.7119E-6,-4.68779E-5
2329.70583,-9.9433E-6,-6.6026E-5,-4.7078E-6,-4.70985E-5
2331.6344,-1.09826E-5,-6.72719E-5,-4.6529E-6,-4.88984E-5
2333.56296,-1.17258E-5,-6.91261E-5,-4.6134E-6,-5.12902E-5
2335.49152,-1.18062E-5,-7.16559E-5,-4.8657E-6,-5.22364E-5
2337.42009,-1.16333E-5,-7.38054E-5,-5.345E-6,-5.14634E-5
2339.34865,-1.14957E-5,-7.45918E-5,-5.7066E-6,-5.09102E-5
2341.27722,-1.14562E-5,-7.43024E-5,-5.816E-6,-5.12675E-5
2343.20578,-1.15001E-5,-7.36488E-5,-5.9055E-6,-5.09283E-5
2345.13435,-1.14809E-5,-7.29254E-5,-6.1873E-6,-4.94664E-5
2347.06291,-1.13999E-5,-7.23739E-5,-6.4172E-6,-4.7595E-5
2348.99147,-1.1385E-5,-7.22221E-5,-6.1834E-6,-4.60859E-5
2350.92004,-1.1248E-5,-7.17863E-5,-5.7486E-6,-4.5872E-5
2352.8486,-1.09617E-5,-7.04591E-5,-5.5911E-6,-4.67077E-5
2354.77717,-1.06997E-5,-6.856E-5,-5.4775E-6,-4.70852E-5
2356.70573,-1.04186E-5,-6.70835E-5,-5.0121E-6,-4.59346E-5
2358.6343,-1.01399E-5,-6.57408E-5,-4.5471E-6,-4.35191E-5
2360.56286,-9.6564E-6,-6.26152E-5,-4.9307E-6,-4.18411E-5
2362.49143,-8.7429E-6,-5.90175E-5,-5.9097E-6,-4.252E-5
2364.41999,-8.0017E-6,-5.72376E-5,-6.6595E-6,-4.29691E-5
2366.34855,-8.2539E-6,-5.57192E-5,-6.7922E-6,-4.11547E-5
2368.27712,-9.0476E-6,-5.35588E-5,-6.42E-6,-3.94731E-5
2370.20568,-9.4144E-6,-5.19673E-5,-5.7271E-6,-3.82643E-5
2372.13425,-9.4808E-6,-5.10624E-5,-5.1909E-6,-3.5524E-5
2374.06281,-9.5519E-6,-5.02035E-5,-5.3265E-6,-3.16924E-5
2375.99138,-9.3793E-6,-4.93853E-5,-5.6828E-6,-2.80867E-5
2377.91994,-9.2874E-6,-4.78232E-5,-5.6844E-6,-2.49873E-5
2379.84851,-9.5817E-6,-4.46659E-5,-5.6779E-6,-2.2328E-5
2381.77707,-1.00683E-5,-4.26214E-5,-6E-6,-2.01156E-5
2383.70563,-1.06477E-5,-4.33219E-5,-6.273E-6,-1.93438E-5
2385.6342,-1.11545E-5,-4.3739E-5,-6.2964E-6,-2.03422E-5
2387.56276,-1.10319E-5,-4.2628E-5,-6.4177E-6,-2.15775E-5
2389.49133,-1.05902E-5,-4.09404E-5,-6.4761E-6,-2.20503E-5
2391.41989,-1.08346E-5,-3.93035E-5,-5.8515E-6,-2.11507E-5
2393.34846,-1.12858E-5,-3.90793E-5,-5.0033E-6,-1.86948E-5
2395.27702,-1.09179E-5,-3.95319E-5,-5.0197E-6,-1.59792E-5
2397.20559,-1.06387E-5,-3.90419E-5,-5.7431E-6,-1.47487E-5
2399.13415,-1.1111E-5,-3.84873E-5,-6.382E-6,-1.54263E-5
2401.06271,-1.16245E-5,-3.82297E-5,-6.697E-6,-1.64197E-5
2402.99128,-1.2219E-5,-3.68008E-5,-6.5753E-6,-1.6613E-5
2404.91984,-1.32684E-5,-3.39395E-5,-6.1418E-6,-1.60972E-5
2406.84841,-1.3561E-5,-3.19412E-5,-5.876E-6,-1.51757E-5
2408.77697,-1.25927E-5,-3.22565E-5,-6.0938E-6,-1.34257E-5
2410.70554,-1.20064E-5,-3.3041E-5,-6.6809E-6,-1.07864E-5
2412.6341,-1.25644E-5,-3.33071E-5,-7.2603E-6,-9.1601E-6
2414.56267,-1.31099E-5,-3.36881E-5,-7.4467E-6,-1.11857E-5
2416.49123,-1.26713E-5,-3.28946E-5,-7.2268E-6,-1.66783E-5
2418.41979,-1.17316E-5,-3.07791E-5,-6.7681E-6,-2.00701E-5
2420.34836,-1.11542E-5,-3.07503E-5,-6.3857E-6,-1.83839E-5
2422.27692,-1.08944E-5,-3.33509E-5,-6.6649E-6,-1.66895E-5
2424.20549,-1.04403E-5,-3.44915E-5,-7.2505E-6,-1.75992E-5
2426.13405,-1.01602E-5,-3.33658E-5,-7.1944E-6,-1.7932E-5
2428.06262,-1.02037E-5,-3.25311E-5,-6.8473E-6,-1.71901E-5
2429.99118,-9.9131E-6,-3.19285E-5,-6.7454E-6,-1.71785E-5
2431.91975,-9.6306E-6,-3.06645E-5,-6.8281E-6,-1.70283E-5
2433.84831,-1.01405E-5,-2.94643E-5,-7.1592E-6,-1.63274E-5
2435.77687,-1.07918E-5,-2.83984E-5,-7.3444E-6,-1.70714E-5
2437.70544,-1.08559E-5,-2.66468E-5,-7.0925E-6,-1.88318E-5
2439.634,-1.071E-5,-2.6075E-5,-6.8592E-6,-1.93653E-5
2441.56257,-1.09515E-5,-2.87297E-5,-7.0014E-6,-1.85575E-5
2443.49113,-1.13645E-5,-3.15326E-5,-7.2641E-6,-1.73956E-5
2445.4197,-1.13709E-5,-3.20689E-5,-7.4357E-6,-1.65146E-5
2447.34826,-1.10111E-5,-3.23907E-5,-7.5905E-6,-1.63271E-5
2449.27683,-1.09664E-5,-3.27611E-5,-7.4708E-6,-1.62499E-5
2451.20539,-1.12731E-5,-3.30338E-5,-6.9633E-6,-1.64312E-5
2453.13395,-1.13857E-5,-3.47637E-5,-6.4082E-6,-1.65362E-5
2455.06252,-1.15922E-5,-3.67218E-5,-6.1612E-6,-1.48898E-5
2456.99108,-1.22625E-5,-3.74481E-5,-6.1597E-6,-1.36573E-5
2458.91965,-1.26217E-5,-3.80721E-5,-6.2725E-6,-1.51665E-5
2460.84821,-1.2046E-5,-3.85703E-5,-6.3872E-6,-1.66702E-5
2462.77678,-1.14558E-5,-3.82629E-5,-6.3588E-6,-1.62644E-5
2464.70534,-1.2028E-5,-3.86221E-5,-6.2688E-6,-1.52837E-5
2466.63391,-1.28845E-5,-4.07975E-5,-6.1608E-6,-1.46336E-5
2468.56247,-1.28719E-5,-4.30212E-5,-6.0935E-6,-1.48884E-5
2470.49103,-1.2934E-5,-4.35589E-5,-6.3144E-6,-1.66028E-5
2472.4196,-1.3757E-5,-4.32811E-5,-6.5412E-6,-1.79312E-5
2474.34816,-1.4111E-5,-4.43003E-5,-6.2554E-6,-1.78953E-5
2476.27673,-1.37028E-5,-4.81291E-5,-5.9885E-6,-1.89628E-5
2478.20529,-1.36113E-5,-5.31794E-5,-6.5293E-6,-2.10606E-5
2480.13386,-1.39873E-5,-5.59044E-5,-7.3561E-6,-2.11734E-5
2482.06242,-1.41099E-5,-5.61659E-5,-7.7101E-6,-1.96923E-5
2483.99098,-1.41279E-5,-5.57067E-5,-7.4293E-6,-1.86644E-5
2485.91955,-1.46648E-5,-5.47319E-5,-6.8644E-6,-1.8126E-5
2487.84811,-1.52626E-5,-5.35632E-5,-6.7256E-6,-1.78197E-5
2489.77668,-1.54347E-5,-5.21791E-5,-6.9266E-6,-1.76508E-5
2491.70524,-1.55764E-5,-5.01817E-5,-7.2577E-6,-1.70351E-5
2493.63381,-1.58531E-5,-4.83138E-5,-7.876E-6,-1.53668E-5
2495.56237,-1.62237E-5,-4.70752E-5,-8.1982E-6,-1.17991E-5
2497.49094,-1.6608E-5,-4.635E-5,-7.6749E-6,-7.6633E-6
2499.4195,-1.64774E-5,-4.69113E-5,-6.8041E-6,-6.2251E-6
2501.34806,-1.57757E-5,-4.74978E-5,-6.0246E-6,-6.4632E-6
2503.27663,-1.51111E-5,-4.49339E-5,-5.5878E-6,-4.9997E-6
2505.20519,-1.48466E-5,-4.0807E-5,-5.6586E-6,-3.1042E-6
2507.13376,-1.48751E-5,-3.79875E-5,-5.7603E-6,-2.4421E-6
2509.06232,-1.51416E-5,-3.48112E-5,-5.4825E-6,-1.7564E-6
2510.99089,-1.53773E-5,-3.03673E-5,-5.143E-6,-9.668E-7
2512.91945,-1.54186E-5,-2.70186E-5,-5.1841E-6,-4.435E-7
2514.84802,-1.53677E-5,-2.67449E-5,-5.7924E-6,3.019E-7
2516.77658,-1.51649E-5,-2.75148E-5,-6.5785E-6,1.1146E-6
2518.70514,-1.44951E-5,-2.58376E-5,-6.8202E-6,1.7515E-6
2520.63371,-1.38317E-5,-2.2086E-5,-6.3835E-6,1.8681E-6
2522.56227,-1.35694E-5,-1.80603E-5,-6.197E-6,7.745E-7
2524.49084,-1.31523E-5,-1.45763E-5,-6.4606E-6,-8.646E-7
2526.4194,-1.23543E-5,-1.3168E-5,-6.2205E-6,-7.785E-7
2528.34797,-1.16145E-5,-1.33814E-5,-5.7838E-6,1.6327E-6
2530.27653,-1.1466E-5,-1.28121E-5,-6.1129E-6,3.5993E-6
2532.2051,-1.20207E-5,-1.21192E-5,-6.6119E-6,3.4807E-6
2534.13366,-1.2463E-5,-1.24307E-5,-6.2169E-6,2.9641E-6
2536.06222,-1.19639E-5,-1.23557E-5,-5.3311E-6,3.3338E-6
2537.99079,-1.10605E-5,-1.24636E-5,-4.9549E-6,4.0396E-6
2539.91935,-1.07108E-5,-1.36111E-5,-5.0625E-6,3.5728E-6
2541.84792,-1.07505E-5,-1.39253E-5,-5.1095E-6,1.7659E-6
2543.77648,-1.06271E-5,-1.2565E-5,-4.8943E-6,3.906E-7
2545.70505,-1.06889E-5,-1.10015E-5,-4.9453E-6,3.84E-7
2547.63361,-1.07664E-5,-1.04599E-5,-5.9142E-6,1.2846E-6
2549.56218,-1.03262E-5,-1.0173E-5,-7.203E-6,3.6774E-6
2551.49074,-9.8258E-6,-8.4717E-6,-7.6454E-6,6.8744E-6
2553.4193,-9.8605E-6,-7.3412E-6,-6.8281E-6,6.903E-6
2555.34787,-1.02061E-5,-8.5868E-6,-5.391E-6,3.4752E-6
2557.27643,-1.03599E-5,-8.9906E-6,-4.5002E-6,1.4785E-6
2559.205,-1.01808E-5,-7.8601E-6,-5.0807E-6,1.8541E-6
2561.13356,-1.0031E-5,-8.3933E-6,-6.4768E-6,2.3595E-6
2563.06213,-1.01445E-5,-1.06326E-5,-6.9718E-6,3.3091E-6
2564.99069,-1.00693E-5,-1.25452E-5,-5.9757E-6,4.5134E-6
2566.91926,-9.6774E-6,-1.34466E-5,-4.6558E-6,4.3516E-6
2568.84782,-9.5133E-6,-1.43234E-5,-3.7203E-6,2.0272E-6
2570.77638,-9.66E-6,-1.59231E-5,-3.5101E-6,-1.1398E-6
2572.70495,-9.5265E-6,-1.74256E-5,-4.0627E-6,-1.8795E-6
2574.63351,-8.9184E-6,-1.73527E-5,-4.7177E-6,-5.219E-7
2576.56208,-8.5795E-6,-1.52903E-5,-4.9594E-6,-1.3719E-6
2578.49064,-8.7077E-6,-1.30796E-5,-4.4343E-6,-4.1001E-6
2580.41921,-8.7973E-6,-1.25996E-5,-3.5167E-6,-4.0944E-6
2582.34777,-8.7523E-6,-1.26804E-5,-3.3352E-6,-7.576E-7
2584.27634,-8.6006E-6,-1.08392E-5,-3.4706E-6,2.5048E-6
2586.2049,-8.4309E-6,-7.971E-6,-3.2107E-6,3.9724E-6
2588.13346,-8.5167E-6,-6.9241E-6,-2.8286E-6,4.3797E-6
2590.06203,-8.7213E-6,-6.8617E-6,-2.1663E-6,3.8119E-6
2591.99059,-8.7338E-6,-5.8549E-6,-1.0917E-6,2.0421E-6
2593.91916,-8.649E-6,-4.4408E-6,-6.033E-7,1.4617E-6
2595.84772,-8.7597E-6,-2.2031E-6,-1.3914E-6,2.872E-6
2597.77629,-8.8945E-6,1.6897E-6,-2.9295E-6,3.258E-6
2599.70485,-8.8342E-6,4.5342E-6,-3.9729E-6,2.4924E-6
2601.63342,-9.0016E-6,3.6079E-6,-4.0547E-6,2.428E-6
2603.56198,-9.5471E-6,2.1819E-6,-3.918E-6,2.6242E-6
2605.49054,-9.5842E-6,4.4611E-6,-4.1825E-6,2.0483E-6
2607.41911,-9.3981E-6,8.9968E-6,-4.6309E-6,7.988E-7
2609.34767,-9.9515E-6,1.24705E-5,-4.7256E-6,1.3868E-6
2611.27624,-1.08187E-5,1.35393E-5,-4.6176E-6,5.2814E-6
2613.2048,-1.11156E-5,1.26725E-5,-5.6312E-6,1.00846E-5
2615.13337,-1.10401E-5,1.32182E-5,-8.0972E-6,1.29659E-5
2617.06193,-1.101E-5,1.61056E-5,-1.02632E-5,1.32711E-5
2618.99049,-1.11739E-5,1.60544E-5,-1.09748E-5,1.25775E-5
2620.91906,-1.09284E-5,1.19396E-5,-1.06542E-5,1.19524E-5
2622.84762,-1.00858E-5,9.0789E-6,-9.677E-6,1.08924E-5
2624.77619,-9.5769E-6,9.6865E-6,-8.3204E-6,9.7044E-6
2626.70475,-9.2968E-6,1.23667E-5,-7.1336E-6,8.8207E-6
2628.63332,-8.6017E-6,1.41751E-5,-6.2786E-6,8.0518E-6
2630.56188,-8.3434E-6,1.31418E-5,-5.4186E-6,8.4153E-6
2632.49045,-8.7751E-6,1.05581E-5,-4.6957E-6,1.06419E-5
2634.41901,-8.7129E-6,8.1657E-6,-4.1606E-6,1.3102E-5
2636.34757,-7.8187E-6,7.3529E-6,-3.3096E-6,1.34304E-5
2638.27614,-7.2026E-6,7.1131E-6,-2.4168E-6,1.13408E-5
2640.2047,-7.0516E-6,3.6959E-6,-1.836E-6,8.9808E-6
2642.13327,-6.7388E-6,-1.4998E-6,-1.1628E-6,7.6585E-6
2644.06183,-6.3054E-6,-3.5945E-6,-3.575E-7,7.1206E-6
2645.9904,-5.9472E-6,-2.7101E-6,-2.734E-7,7.6252E-6
2647.91896,-5.5703E-6,-6.462E-7,-8.995E-7,8.424E-6
2649.84753,-5.4161E-6,2.05E-6,-1.2952E-6,7.554E-6
2651.77609,-5.6852E-6,3.7202E-6,-1.5102E-6,6.0917E-6
2653.70465,-5.8755E-6,2.9495E-6,-1.735E-6,7.2056E-6
2655.63322,-5.5996E-6,1.229E-7,-1.5823E-6,1.13266E-5
2657.56178,-5.7121E-6,-2.1265E-6,-9.518E-7,1.54153E-5
2659.49035,-6.7441E-6,-1.4412E-6,-1.485E-7,1.7093E-5
2661.41891,-7.7707E-6,9.404E-7,2.019E-7,1.68346E-5
2663.34748,-7.7895E-6,2.568E-6,-1.491E-7,1.60762E-5
2665.27604,-7.4548E-6,2.1524E-6,-4.276E-7,1.61562E-5
2667.20461,-7.8361E-6,3.64E-7,-3.753E-7,1.72901E-5
2669.13317,-8.5549E-6,-1.3713E-6,-4.005E-7,1.87164E-5
2671.06173,-9.0758E-6,-2.4728E-6,-5.101E-7,1.97008E-5
2672.9903,-8.952E-6,-2.8588E-6,-4.518E-7,1.78162E-5
2674.91886,-7.5314E-6,-4.3176E-6,-1.819E-7,1.32067E-5
2676.84743,-5.461E-6,-6.9832E-6,1.446E-7,1.04136E-5
2678.77599,-4.0743E-6,-7.8877E-6,4.552E-7,1.02826E-5
2680.70456,-3.346E-6,-6.5072E-6,9.466E-7,9.2043E-6
2682.63312,-2.5329E-6,-4.8713E-6,1.5523E-6,6.4096E-6
2684.56169,-1.9913E-6,-4.2861E-6,1.4407E-6,3.5721E-6
2686.49025,-2.1106E-6,-4.6353E-6,7.996E-7,7.437E-7
2688.41881,-2.0033E-6,-5.0423E-6,6.264E-7,-1.4067E-6
2690.34738,-1.3986E-6,-5.1862E-6,7.364E-7,-1.9938E-6
2692.27594,-1.0475E-6,-4.8564E-6,5.304E-7,-1.4582E-6
2694.20451,-1.1601E-6,-4.5974E-6,3.562E-7,2.018E-7
2696.13307,-1.4674E-6,-5.6683E-6,3.311E-7,9.077E-7
2698.06164,-1.562E-6,-7.6427E-6,7.25E-8,-1.5834E-6
2699.9902,-9.95E-7,-8.2661E-6,-3.461E-7,-5.2737E-6
2701.91877,-4.11E-8,-7.1906E-6,-6.425E-7,-8.1772E-6
2703.84733,3.606E-7,-7.3784E-6,-8.703E-7,-9.828E-6
2705.77589,-4.92E-8,-1.01911E-5,-6.441E-7,-1.00117E-5
2707.70446,-3.598E-7,-1.26772E-5,-9.21E-8,-1.02761E-5
2709.63302,-8.76E-8,-1.1991E-5,-4.57E-8,-1.23559E-5
2711.56159,1.032E-7,-9.6244E-6,-2.863E-7,-1.6262E-5
2713.49015,-3.52E-8,-8.8834E-6,-4.597E-7,-1.93864E-5
2715.41872,-2.27E-8,-1.02756E-5,-4.643E-7,-1.86862E-5
2717.34728,3.59E-8,-1.40019E-5,3.48E-8,-1.79664E-5
2719.27585,-1.543E-7,-2.17279E-5,6.888E-7,-2.28077E-5
2721.20441,-2.966E-7,-3.29125E-5,3.166E-7,-3.31474E-5
2723.13297,-4.092E-7,-4.82202E-5,-1.3171E-6,-5.01576E-5
2725.06154,-7.516E-7,-7.14015E-5,-2.5516E-6,-7.47087E-5
2726.9901,-8.714E-7,-9.46744E-5,-2.3605E-6,-9.34715E-5
2728.91867,-4.426E-7,-1.000077E-4,-1.4193E-6,-8.82243E-5
2730.84723,7.01E-8,-8.55346E-5,-4.981E-7,-6.25358E-5
2732.7758,2.43E-7,-6.49041E-5,-1.19E-8,-3.60537E-5
2734.70436,1.949E-7,-4.64434E-5,-8.11E-8,-1.9026E-5
2736.63293,2.956E-7,-3.18354E-5,-6.619E-7,-1.09362E-5
2738.56149,7.256E-7,-2.00953E-5,-1.03E-6,-7.7143E-6
2740.49005,1.0249E-6,-1.05917E-5,-5.697E-7,-5.1187E-6
2742.41862,7.902E-7,-5.2149E-6,8.53E-8,-1.9056E-6
2744.34718,7.012E-7,-3.3366E-6,2.119E-7,1.2035E-6
2746.27575,1.0702E-6,-2.611E-6,-4.7E-8,2.1474E-6
2748.20431,1.3308E-6,-2.0594E-6,-3.268E-7,1.0771E-6
2750.13288,1.2226E-6,-1.0554E-6,-3.9E-7,5.444E-7
2752.06144,4.47E-7,-4.33E-7,-3.29E-7,2.634E-7
2753.99001,-4.828E-7,-1.2818E-6,-5.05E-8,-4.444E-7
2755.91857,8.63E-8,-2.2646E-6,5.854E-7,9.92E-8
2757.84713,1.0669E-6,-1.7637E-6,1.1232E-6,1.1075E-6
2759.7757,7.103E-7,4.308E-7,7.045E-7,-2.463E-7
2761.70426,8.32E-8,3.4447E-6,3.5E-9,-3.1105E-6
2763.63283,4.99E-8,4.9728E-6,-1.48E-7,-4.5818E-6
2765.56139,1.011E-7,4.3588E-6,-3.085E-7,-3.2399E-6
2767.48996,1.597E-7,4.4308E-6,-5.465E-7,5.083E-7
2769.41852,3.685E-7,5.891E-6,-1.566E-7,2.9182E-6
2771.34708,7.823E-7,5.9369E-6,1.776E-7,1.6955E-6
2773.27565,1.6721E-6,3.259E-6,-5.15E-8,6.352E-7
2775.20421,2.6963E-6,1.725E-7,1.854E-7,1.7104E-6
2777.13278,2.9924E-6,-6.663E-7,8.226E-7,1.3495E-6
2779.06134,2.2448E-6,-6.646E-7,7.436E-7,-7.344E-7
2780.98991,6.738E-7,-2.6519E-6,9.23E-8,-9.733E-7
2782.91847,-9.403E-7,-5.4203E-6,-1.884E-7,3.187E-7
2784.84704,-1.3649E-6,-5.8888E-6,3.545E-7,2.472E-7
2786.7756,-3.354E-7,-3.921E-6,1.1854E-6,2.402E-7
2788.70416,5.678E-7,-1.9877E-6,1.309E-6,2.2071E-6
2790.63273,7.193E-7,-8.47E-7,3.18E-7,4.3783E-6
2792.56129,7.142E-7,-8.141E-7,-7.802E-7,4.144E-6
2794.48986,9.654E-7,-2.4238E-6,-7.56E-7,1.6751E-6
2796.41842,1.5622E-6,-3.7208E-6,-1.317E-7,9.717E-7
2798.34699,1.5469E-6,-3.3626E-6,1.291E-7,3.4831E-6
2800.27555,5.579E-7,-3.3891E-6,3.222E-7,4.6098E-6
2802.20412,-3.43E-8,-4.9586E-6,5.501E-7,2.1879E-6
2804.13268,9.37E-8,-5.4841E-6,4.19E-8,-1.0304E-6
2806.06124,3.659E-7,-2.0984E-6,-1.1457E-6,-2.3907E-6
2807.98981,5.283E-7,2.8384E-6,-1.8665E-6,-1.3576E-6
2809.91837,3.84E-7,3.8839E-6,-1.5273E-6,-4.223E-7
2811.84694,-1.47E-7,8.926E-7,-5.355E-7,-6.318E-7
2813.7755,-4.63E-7,-1.449E-6,5.19E-7,5.489E-7
2815.70407,4.099E-7,-1.3292E-6,1.0807E-6,2.7362E-6
2817.63263,1.8169E-6,-5.458E-7,1.0344E-6,3.0233E-6
2819.5612,2.1081E-6,-1.389E-7,1.02E-6,2.1183E-6
2821.48976,1.0891E-6,1.1323E-6,1.3492E-6,1.6852E-6
2823.41832,-1.273E-7,2.5873E-6,1.6258E-6,9.303E-7
2825.34689,-9.364E-7,1.116E-6,1.5955E-6,-6.317E-7
2827.27545,-1.4456E-6,-2.0905E-6,1.128E-6,-2.0154E-6
2829.20402,-1.6532E-6,-2.999E-6,5.036E-7,-2.4887E-6
2831.13258,-1.4669E-6,-7.994E-7,7.752E-7,-2.301E-6
2833.06115,-1.1024E-6,5.538E-7,1.932E-6,-1.7444E-6
2834.98971,-6.349E-7,-2.5897E-6,2.6199E-6,-3.451E-7
2836.91828,7.58E-8,-5.2041E-6,2.2716E-6,5.993E-7
2838.84684,3.136E-7,-2.6928E-6,1.3045E-6,-1.278E-7
2840.7754,-3.636E-7,-2.32E-7,4.526E-7,-2.664E-7
2842.70397,-4.922E-7,-1.991E-6,1.282E-7,1.4897E-6
2844.63253,5.834E-7,-5.1171E-6,1.812E-7,1.3192E-6
2846.5611,1.3594E-6,-5.8508E-6,1.588E-7,-1.4372E-6
2848.48966,1.1435E-6,-3.6973E-6,2.288E-7,-2.6716E-6
2850.41823,9.975E-7,-1.2218E-6,7.438E-7,-2.1573E-6
2852.34679,1.3323E-6,-9.27E-7,1.2976E-6,-1.9809E-6
2854.27536,1.6245E-6,-1.2368E-6,1.4302E-6,-1.4187E-6
2856.20392,1.3219E-6,-1.971E-7,1.0561E-6,-8.59E-7
2858.13248,2.07E-8,6.55E-8,1.823E-7,-1.8637E-6
2860.06105,-1.5488E-6,-1.1118E-6,-5.633E-7,-3.2237E-6
2861.98961,-2.052E-6,-1.7673E-6,-5.579E-7,-2.9965E-6
2863.91818,-1.8269E-6,-2.3199E-6,9.62E-8,-9.247E-7
2865.84674,-1.7497E-6,-2.8733E-6,3.31E-8,6.988E-7
2867.77531,-1.4919E-6,-1.6238E-6,-4.214E-7,-7.413E-7
2869.70387,-4.44E-7,4.524E-7,-7.954E-7,-2.4031E-6
2871.63244,9.477E-7,1.12E-8,-1.0691E-6,-4.11E-7
2873.561,1.7685E-6,-3.6197E-6,-1.3169E-6,2.5702E-6
2875.48956,1.4844E-6,-5.9561E-6,-1.231E-6,2.9344E-6
2877.41813,2.348E-7,-2.5783E-6,-3.523E-7,2.0074E-6
2879.34669,-8.358E-7,2.8451E-6,5.889E-7,2.2138E-6
2881.27526,-4.323E-7,4.7378E-6,9.826E-7,3.1085E-6
2883.20382,5.91E-7,3.977E-6,5.967E-7,3.1148E-6
2885.13239,7.138E-7,2.7609E-6,3.468E-7,2.4856E-6
2887.06095,3.882E-7,1.5968E-6,9.99E-8,2.1714E-6
2888.98952,5.32E-7,9.222E-7,-3.208E-7,2.0923E-6
2890.91808,6.925E-7,7.617E-7,-5.578E-7,1.8125E-6
2892.84664,2.583E-7,-7.585E-7,-4.778E-7,1.6287E-6
2894.77521,1.08E-7,-4.0078E-6,-6.869E-7,1.327E-6
2896.70377,9.782E-7,-5.1763E-6,-1.1981E-6,1.2429E-6
2898.63234,1.7491E-6,-3.8518E-6,-1.2642E-6,1.4698E-6
2900.5609,1.3861E-6,-3.3768E-6,-9.627E-7,1.1064E-6
2902.48947,7.543E-7,-3.1998E-6,-1.0735E-6,7.18E-8
2904.41803,4.931E-7,-1.3542E-6,-1.4982E-6,-1.8364E-6
2906.34659,3.834E-7,5.72E-7,-1.6268E-6,-3.8515E-6
2908.27516,5.646E-7,-3.147E-7,-1.3671E-6,-3.792E-6
2910.20372,6.27E-7,-2.4586E-6,-1.6229E-6,-2.0164E-6
2912.13229,-1.959E-7,-2.3907E-6,-2.4013E-6,-2.037E-7
2914.06085,-1.3384E-6,-1.1421E-6,-2.1693E-6,1.8584E-6
2915.98942,-1.5954E-6,-7.974E-7,-6.867E-7,4.0436E-6
2917.91798,-5.269E-7,-9.65E-8,7.67E-8,5.0455E-6
2919.84655,9.136E-7,1.3222E-6,-5.019E-7,5.1558E-6
2921.77511,1.5176E-6,1.6437E-6,-1.2436E-6,4.2292E-6
2923.70367,1.0496E-6,2.179E-7,-1.3414E-6,1.2473E-6
2925.63224,-2.036E-7,-8.812E-7,-7.459E-7,-1.5953E-6
2927.5608,-1.0941E-6,2.974E-7,2.381E-7,-1.7547E-6
2929.48937,-7.351E-7,2.1567E-6,1.2757E-6,-7.822E-7
2931.41793,7.1E-9,2.2112E-6,1.8732E-6,-1.0151E-6
2933.3465,8.6E-9,1.43E-7,1.4365E-6,-1.0165E-6
2935.27506,-3.272E-7,-1.9806E-6,2.012E-7,4.127E-7
2937.20363,-1.487E-7,-2.0071E-6,-4.619E-7,2.1195E-6
2939.13219,2.217E-7,-1.6041E-6,-3.015E-7,3.6958E-6
2941.06075,1.138E-7,-2.1093E-6,-2.633E-7,4.7565E-6
2942.98932,-1.408E-7,-1.0498E-6,-4.13E-8,4.8783E-6
2944.91788,-1.049E-7,4.467E-7,8.006E-7,4.2116E-6
2946.84645,-9.1E-8,-9.321E-7,1.0356E-6,2.1572E-6
2948.77501,-7.671E-7,-2.121E-6,6.029E-7,-8.528E-7
2950.70358,-1.7017E-6,-1.078E-7,1.116E-7,-3.2074E-6
2952.63214,-1.681E-6,1.3879E-6,-9.478E-7,-5.9418E-6
2954.56071,-9.436E-7,-9.8E-9,-2.1226E-6,-8.0985E-6
2956.48927,-1.94E-7,-1.5041E-6,-2.2791E-6,-7.2852E-6
2958.41783,3.799E-7,-1.5777E-6,-2.3543E-6,-3.3053E-6
2960.3464,4.261E-7,-2.1166E-6,-2.5504E-6,3.1217E-6
2962.27496,1.194E-7,-2.685E-6,-2.086E-6,8.8283E-6
2964.20353,1.585E-7,-3.577E-6,-9.559E-7,8.8483E-6
2966.13209,1.652E-7,-5.087E-6,-2.58E-7,4.1911E-6
2968.06066,-1.568E-7,-3.9929E-6,-5.117E-7,1.05E-6
2969.98922,-3.578E-7,-6.082E-7,-9.761E-7,1.4011E-6
2971.91779,-3.931E-7,1.3865E-6,-1.6918E-6,2.3798E-6
2973.84635,-3.323E-7,1.3636E-6,-2.8376E-6,2.5849E-6
2975.77491,-3.261E-7,3.994E-7,-3.4311E-6,3.2536E-6
2977.70348,-4.726E-7,6.345E-7,-2.7034E-6,4.8866E-6
2979.63204,-3.919E-7,2.2439E-6,-1.4065E-6,5.3109E-6
2981.56061,1.92E-8,1.8301E-6,-6.837E-7,3.2707E-6
2983.48917,3.283E-7,-5.899E-7,-3.097E-7,-4.616E-7
2985.41774,4.568E-7,-1.211E-6,2.161E-7,-4.0033E-6
2987.3463,5.944E-7,-8.525E-7,1.151E-7,-1.8297E-6
2989.27487,1.26E-7,-2.6937E-6,-2.71E-7,5.411E-6
2991.20343,-8.251E-7,-5.8884E-6,-4.92E-8,8.1978E-6
2993.13199,-9.873E-7,-8.0479E-6,4.538E-7,4.9611E-6
2995.06056,-6.01E-7,-6.6028E-6,4.789E-7,2.3502E-6
2996.98912,-8.053E-7,-1.8296E-6,9.4E-9,2.0158E-6
2998.91769,-9.061E-7,9.915E-7,-6.728E-7,-3.172E-7
3000.84625,2.092E-7,5.42E-8,-1.0351E-6,-5.3316E-6
3002.77482,1.3925E-6,-4.268E-7,-7.983E-7,-8.3804E-6
3004.70338,1.3086E-6,2.299E-7,-6.083E-7,-8.3089E-6
3006.63195,8.921E-7,-8.154E-7,-7.5E-7,-6.1083E-6
3008.56051,8.243E-7,-1.5636E-6,-9.99E-7,-1.5233E-6
3010.48907,7.202E-7,6.895E-7,-6.312E-7,2.5602E-6
3012.41764,3.587E-7,2.6838E-6,3.169E-7,3.7772E-6
3014.3462,-2.825E-7,2.98E-6,5.129E-7,2.5464E-6
3016.27477,-4.691E-7,3.3862E-6,-1.256E-7,9.012E-7
3018.20333,1.135E-7,2.9907E-6,-4.402E-7,3.929E-7
3020.1319,6.757E-7,1.3986E-6,-5.988E-7,4.539E-7
3022.06046,7.527E-7,-4.552E-7,-4.614E-7,5.344E-7
3023.98903,5.845E-7,-1.925E-6,5.115E-7,8.451E-7
3025.91759,4.482E-7,-1.7756E-6,1.2608E-6,1.6088E-6
3027.84615,2.961E-7,-7.254E-7,1.0764E-6,2.0335E-6
3029.77472,-1.296E-7,7.424E-7,7.449E-7,5.531E-7
3031.70328,-8.77E-8,3.1451E-6,4.551E-7,-8.898E-7
3033.63185,8.123E-7,4.9525E-6,1.495E-7,-2.024E-7
3035.56041,1.139E-6,3.624E-6,-5.59E-8,5.168E-7
3037.48898,4.05E-7,2.498E-7,-2.6E-7,1.809E-7
3039.41754,-2.562E-7,2.656E-7,-5.329E-7,1.069E-7
3041.3461,-6.742E-7,3.3001E-6,-5.882E-7,8.81E-7
3043.27467,-1.0161E-6,2.5154E-6,-3.296E-7,1.4806E-6
3045.20323,-8.359E-7,-9.611E-7,-1.24E-8,1.3681E-6
3047.1318,-1.638E-7,-1.0836E-6,-8.1E-9,8.876E-7
3049.06036,2.674E-7,1.2478E-6,-4.837E-7,-3.343E-7
3050.98893,-8.65E-8,2.7178E-6,-1.2006E-6,-1.3915E-6
3052.91749,-6.982E-7,3.171E-6,-1.4397E-6,-1.5939E-6
3054.84606,-6.706E-7,3.1056E-6,-7.48E-7,-1.5949E-6
3056.77462,-4.305E-7,2.517E-6,1.047E-7,-1.0569E-6
3058.70318,-2.934E-7,9.138E-7,1.467E-7,-6.046E-7
3060.63175,3.871E-7,-2.0518E-6,-1.828E-7,-9.987E-7
3062.56031,1.2849E-6,-4.763E-6,2.61E-8,-1.0532E-6
3064.48888,1.757E-6,-5.3984E-6,5.966E-7,-2.001E-7
3066.41744,1.5026E-6,-4.6667E-6,1.2546E-6,-3.31E-8
3068.34601,3.271E-7,-3.5386E-6,1.9125E-6,-2.4625E-6
3070.27457,-7.706E-7,-2.1017E-6,2.1482E-6,-6.0058E-6
3072.20314,-9.375E-7,-9.306E-7,1.9091E-6,-6.3774E-6
3074.1317,-7.342E-7,2.71E-7,1.3968E-6,-2.6118E-6
3076.06026,-6.555E-7,2.3168E-6,9.829E-7,8.029E-7
3077.98883,-5.453E-7,3.7965E-6,9.772E-7,1.1289E-6
3079.91739,-2.147E-7,3.0892E-6,1.0431E-6,3.359E-7
3081.84596,2.371E-7,2.1903E-6,8.278E-7,-2.089E-7
3083.77452,9.019E-7,2.7997E-6,4.944E-7,-4.271E-7
3085.70309,1.6308E-6,3.4442E-6,3.625E-7,-9.209E-7
3087.63165,1.2767E-6,2.8658E-6,5.536E-7,-2.0808E-6
3089.56022,5.79E-8,9.355E-7,8.201E-7,-2.78E-6
3091.48878,-3.839E-7,-5.925E-7,1.0697E-6,-3.6869E-6
3093.41734,-3.63E-8,1.986E-7,1.3452E-6,-4.1906E-6
3095.34591,-7.9E-9,1.23E-7,1.573E-6,-2.6837E-6
3097.27447,-1.403E-7,-2.476E-6,1.3836E-6,-1.3607E-6
3099.20304,3.181E-7,-3.3193E-6,9.617E-7,-1.2064E-6
3101.1316,1.0035E-6,-1.8633E-6,1.0415E-6,-8.162E-7
3103.06017,8.606E-7,-8.904E-7,1.4093E-6,-1.39E-8
3104.98873,9.01E-8,7.23E-8,1.361E-6,1.5382E-6
3106.9173,-1.128E-7,1.6261E-6,1.0612E-6,2.5111E-6
3108.84586,4.352E-7,2.0333E-6,7.794E-7,2.037E-7
3110.77442,7.724E-7,1.922E-7,6.814E-7,-3.0076E-6
3112.70299,2.859E-7,-1.3763E-6,1.233E-6,-3.8614E-6
3114.63155,-3.592E-7,-2.207E-7,2.1363E-6,-3.3798E-6
3116.56012,-4.75E-8,1.5115E-6,2.8946E-6,-2.1355E-6
3118.48868,8.089E-7,2.4302E-6,3.4661E-6,1.571E-7
3120.41725,1.029E-6,2.3202E-6,3.3939E-6,1.8643E-6
3122.34581,5.519E-7,-3.301E-7,2.1554E-6,1.3494E-6
3124.27438,-1.959E-7,-3.3423E-6,6.01E-7,4.83E-8
3126.20294,-6.569E-7,-3.4712E-6,2.705E-7,-1.2349E-6
3128.1315,-2E-7,-1.9703E-6,6.503E-7,-3.0902E-6
3130.06007,4.813E-7,-1.2187E-6,9.93E-8,-3.2525E-6
3131.98863,2.196E-7,-1.636E-6,-7.746E-7,-1.2588E-6
3133.9172,-2.401E-7,-2.6648E-6,-3.442E-7,6.67E-7
3135.84576,7.65E-8,-3.5157E-6,9.466E-7,2.6861E-6
3137.77433,5.908E-7,-3.5228E-6,1.9314E-6,3.9817E-6
3139.70289,8.689E-7,-2.6024E-6,2.1283E-6,3.5049E-6
3141.63146,9.14E-7,-6.929E-7,1.8584E-6,2.742E-6
3143.56002,6.227E-7,1.4556E-6,1.7296E-6,2.0682E-6
3145.48858,5.5E-9,1.896E-6,1.1736E-6,1.5528E-6
3147.41715,-4.921E-7,2.343E-7,-2.775E-7,1.2601E-6
3149.34571,-1.885E-7,-2.5641E-6,-1.1832E-6,2.436E-7
3151.27428,-3.88E-8,-5.3869E-6,-6.107E-7,-8.61E-7
3153.20284,-5.45E-7,-6.9098E-6,2.34E-7,-9.01E-7
3155.13141,-5.178E-7,-6.466E-6,2.86E-7,1.265E-7
3157.05997,-1.458E-7,-5.0593E-6,-1.16E-7,6.603E-7
3158.98854,-1.175E-7,-4.4821E-6,-3.323E-7,-4.694E-7
3160.9171,-7.72E-8,-5.1309E-6,-2.356E-7,-1.4848E-6
3162.84566,-3.927E-7,-5.8382E-6,-5.85E-8,-1.7939E-6
3164.77423,-9.714E-7,-5.2642E-6,4.81E-8,-2.3337E-6
3166.70279,-8.598E-7,-3.1811E-6,4.537E-7,-1.9777E-6
3168.63136,-1.208E-7,-5.936E-7,9.418E-7,-1.564E-7
3170.55992,1.625E-7,4.972E-7,8.12E-7,8.011E-7
3172.48849,-4.714E-7,-2.182E-7,7.199E-7,-6.885E-7
3174.41705,-1.1268E-6,1.863E-7,1.648E-6,-2.6327E-6
3176.34562,-9.471E-7,1.3647E-6,2.5623E-6,-3.1505E-6
3178.27418,-4.104E-7,-1.69E-8,2.1881E-6,-2.6396E-6
3180.20274,-8.27E-8,-1.0847E-6,1.1373E-6,-2.7925E-6
3182.13131,2.331E-7,1.7297E-6,6.24E-7,-2.6463E-6
3184.05987,4.805E-7,4.5065E-6,9.919E-7,2.068E-7
3185.98844,3.933E-7,4.4219E-6,1.4949E-6,3.5986E-6
3187.917,1.115E-7,2.3901E-6,1.2548E-6,4.4867E-6
3189.84557,-6.16E-8,-1.5163E-6,6.153E-7,3.5288E-6
3191.77413,3.484E-7,-4.3786E-6,4.696E-7,1.4248E-6
3193.70269,1.3749E-6,-3.6576E-6,7.421E-7,-1.1872E-6
3195.63126,1.9471E-6,-1.1601E-6,6.063E-7,-2.0612E-6
3197.55982,1.3609E-6,3.303E-7,-1.057E-7,-7.181E-7
3199.48839,5.138E-7,-1.3583E-6,-8.482E-7,-1.671E-7
3201.41695,1.74E-7,-3.8056E-6,-1.3743E-6,-2.0495E-6
3203.34552,4.75E-8,-2.2137E-6,-1.6541E-6,-3.4804E-6
3205.27408,2.05E-8,1.9115E-6,-1.5197E-6,-2.3852E-6
3207.20265,2.21E-8,4.5372E-6,-1.0147E-6,-1.8907E-6
3209.13121,1.679E-7,5.2017E-6,-3.895E-7,-3.5315E-6
3211.05977,7.179E-7,4.0817E-6,2.983E-7,-4.3396E-6
3212.98834,9.183E-7,1.6023E-6,7.834E-7,-3.9324E-6
3214.9169,8.46E-7,8.201E-7,7.798E-7,-2.7997E-6
3216.84547,1.3658E-6,1.971E-6,5.1E-7,-5.597E-7
3218.77403,1.7835E-6,1.5944E-6,3.096E-7,-1.532E-7
3220.7026,1.0764E-6,-2.285E-7,1.56E-7,-1.3221E-6
3222.63116,-3.271E-7,-8.978E-7,-3.344E-7,-5.34E-8
3224.55973,-1.1184E-6,-2.194E-7,-1.1924E-6,5.825E-7
3226.48829,-8.764E-7,-1.402E-7,-1.7712E-6,-2.6816E-6
3228.41685,-3.593E-7,-8.691E-7,-1.7092E-6,-4.6923E-6
3230.34542,-1.496E-7,7.2E-8,-1.3135E-6,-3.5934E-6
3232.27398,3.69E-8,2.8335E-6,-9.317E-7,-3.7386E-6
3234.20255,6.268E-7,4.295E-6,-6.294E-7,-4.0346E-6
3236.13111,1.2253E-6,1.8643E-6,-7.77E-7,-1.1598E-6
3238.05968,1.0198E-6,-2.9566E-6,-1.4741E-6,2.6876E-6
3239.98824,2.9E-8,-5.1148E-6,-1.9813E-6,3.6276E-6
3241.91681,-6.463E-7,-3.4323E-6,-2.2492E-6,2.6509E-6
3243.84537,-7.016E-7,-7.466E-7,-2.6592E-6,4.4951E-6
3245.77393,-9.202E-7,2.6797E-6,-2.8247E-6,8.2406E-6
3247.7025,-1.4316E-6,7.0525E-6,-2.43E-6,8.1126E-6
3249.63106,-1.5802E-6,8.9801E-6,-1.7372E-6,5.3697E-6
3251.55963,-9.624E-7,6.0483E-6,-9.461E-7,4.4825E-6
3253.48819,4.016E-7,8.56E-7,-6.567E-7,3.1927E-6
3255.41676,1.7128E-6,-2.2631E-6,-1.4421E-6,-2.929E-7
3257.34532,1.9235E-6,-1.0474E-6,-2.2524E-6,-2.1585E-6
3259.27389,1.2327E-6,2.3172E-6,-2.0305E-6,-1.379E-6
3261.20245,6.828E-7,2.4772E-6,-1.6209E-6,-1.037E-7
3263.13101,6.238E-7,-1.8473E-6,-1.4686E-6,3.29E-8
3265.05958,3.49E-7,-6.9717E-6,-1.2407E-6,-1.8044E-6
3266.98814,-2.79E-8,-9.8837E-6,-1.1828E-6,-4.0059E-6
3268.91671,1.629E-7,-1.09004E-5,-1.2202E-6,-4.1302E-6
3270.84527,3.014E-7,-1.13059E-5,-1.1086E-6,-1.6413E-6
3272.77384,1.887E-7,-9.2822E-6,-7.824E-7,5.043E-7
3274.7024,6.703E-7,-4.6042E-6,-3.7E-8,-8.33E-7
3276.63097,9.109E-7,-2.6552E-6,5.336E-7,-2.8853E-6
3278.55953,3.605E-7,-5.2222E-6,3.154E-7,-2.0084E-6
3280.48809,3.092E-7,-6.9292E-6,-4.09E-8,-7.45E-7
3282.41666,1.0202E-6,-5.0353E-6,-8.13E-8,-2.5287E-6
3284.34522,1.2977E-6,-3.0129E-6,-2.826E-7,-4.074E-6
3286.27379,5.945E-7,-1.8135E-6,-1.3234E-6,-3.4221E-6
3288.20235,-3.928E-7,5.233E-7,-2.686E-6,-3.5606E-6
3290.13092,-8.853E-7,1.1883E-6,-3.1952E-6,-2.6562E-6
3292.05948,-1.0508E-6,-1.4963E-6,-2.9028E-6,6.83E-7
3293.98805,-1.1135E-6,-3.9154E-6,-2.222E-6,1.5633E-6
3295.91661,-8.078E-7,-3.9049E-6,-8.209E-7,-1.0862E-6
3297.84517,-7.52E-8,-3.3763E-6,3.695E-7,-2.4587E-6
3299.77374,5.481E-7,-3.5012E-6,6.321E-7,-9.78E-7
3301.7023,2.475E-7,-2.3096E-6,8.093E-7,2.15E-8
3303.63087,-9.425E-7,6.36E-8,5.811E-7,-1.6754E-6
3305.55943,-2.1657E-6,-4.26E-8,3.41E-8,-2.9377E-6
3307.488,-2.0856E-6,-3.4979E-6,7.11E-7,-3.539E-7
3309.41656,-3.966E-7,-5.0199E-6,1.7157E-6,2.0197E-6
3311.34513,8.774E-7,-1.627E-7,7.941E-7,5.154E-7
3313.27369,4.073E-7,6.3356E-6,-1.2311E-6,-1.0749E-6
3315.20225,-4.29E-7,6.9434E-6,-1.7265E-6,5.883E-7
3317.13082,-4.505E-7,9.192E-7,-4.714E-7,3.4277E-6
3319.05938,2.902E-7,-5.4641E-6,4.488E-7,2.5495E-6
3320.98795,8.828E-7,-6.9428E-6,-4.012E-7,-2.4576E-6
3322.91651,9.444E-7,-6.0183E-6,-2.1135E-6,-5.277E-6
3324.84508,7.175E-7,-5.603E-6,-2.0088E-6,-3.2459E-6
3326.77364,5.55E-7,-3.8712E-6,-3.16E-8,-7.245E-7
3328.7022,5.709E-7,-1.2227E-6,1.0118E-6,5.671E-7
3330.63077,3.379E-7,-7.738E-7,1.529E-7,1.6324E-6
3332.55933,-3.633E-7,-2.8955E-6,-7.25E-7,1.631E-7
3334.4879,-9.332E-7,-4.7076E-6,4.5E-8,-4.0492E-6
3336.41646,-1.1946E-6,-4.4661E-6,1.7902E-6,-6.4763E-6
3338.34503,-9.155E-7,-3.7821E-6,2.5321E-6,-4.1508E-6
3340.27359,9.5E-8,-3.9678E-6,1.8991E-6,-6.385E-7
3342.20216,1.1906E-6,-3.8761E-6,1.3296E-6,-5.806E-7
3344.13072,1.0691E-6,-2.582E-6,1.1893E-6,-1.7833E-6
3346.05928,-8.132E-7,-1.0753E-6,3.546E-7,-2.371E-6
3347.98785,-2.4982E-6,-1.1121E-6,-9.002E-7,-2.618E-6
3349.91641,-2.412E-6,-2.9683E-6,-1.3147E-6,-1.2197E-6
3351.84498,-1.5383E-6,-5.3525E-6,-1.2563E-6,4.37E-7
3353.77354,-9.009E-7,-4.3157E-6,-1.7105E-6,7.892E-7
3355.70211,-2.731E-7,1.3254E-6,-1.9342E-6,1.1689E-6
3357.63067,4.958E-7,5.7106E-6,-8.119E-7,2.7826E-6
3359.55924,9.057E-7,5.7342E-6,4.575E-7,3.2043E-6
3361.4878,1.039E-7,3.4467E-6,6.78E-8,6.307E-7
3363.41636,-1.4654E-6,-2.676E-7,-1.3559E-6,-1.9887E-6
3365.34493,-1.8477E-6,-4.5035E-6,-2.1201E-6,-3.4732E-6
3367.27349,-7.102E-7,-6.7815E-6,-1.6713E-6,-4.4883E-6
3369.20206,3.481E-7,-7.1051E-6,-2.559E-7,-4.4918E-6
3371.13062,7.429E-7,-7.6629E-6,1.0254E-6,-3.9007E-6
3373.05919,6.343E-7,-6.523E-6,1.5557E-6,-1.8411E-6
3374.98775,1.308E-7,-3.6711E-6,1.3518E-6,1.2362E-6
3376.91632,-1.969E-7,-3.6452E-6,9.403E-7,1.3671E-6
3378.84488,-1.595E-7,-4.8381E-6,9.481E-7,4.434E-7
3380.77344,-1.556E-7,-3.1257E-6,7.889E-7,2.4913E-6
3382.70201,-2.782E-7,-1.662E-7,6.874E-7,3.401E-6
3384.63057,-2.581E-7,1.7225E-6,2.1216E-6,2.34E-8
3386.55914,-2.732E-7,2.2503E-6,3.8331E-6,-3.9549E-6
3388.4877,-7.077E-7,1.1447E-6,3.4643E-6,-5.9229E-6
3390.41627,-9.535E-7,-4.348E-7,1.6332E-6,-6.669E-6
3392.34483,-6.056E-7,-3.686E-7,-4.78E-8,-3.7184E-6
3394.2734,-5.106E-7,1.3661E-6,-1.1577E-6,4.3024E-6
3396.20196,-4.365E-7,4.906E-6,-3.4725E-6,8.4844E-6
3398.13052,-1.244E-7,9.9537E-6,-6.5017E-6,3.4544E-6
3400.05909,4.82E-8,1.13353E-5,-5.7658E-6,-6.6191E-6
3401.98765,7.985E-7,5.9773E-6,-2.2145E-6,-1.74853E-5
3403.91622,1.5666E-6,6.55E-8,-5.15E-7,-2.10696E-5
3405.84478,8.421E-7,-4.258E-7,-1.9378E-6,-1.26006E-5
3407.77335,-4.669E-7,2.5889E-6,-5.9166E-6,-3.7108E-6
3409.70191,-5.655E-7,4.88E-6,-6.6861E-6,-2.1863E-6
3411.63048,8.78E-8,3.9533E-6,-1.4724E-6,3.3393E-6
3413.55904,-7.66E-8,-6.002E-7,1.6123E-6,1.42456E-5
3415.4876,-1.0661E-6,-4.5376E-6,-2.0125E-6,1.51477E-5
3417.41617,-1.2389E-6,-3.5443E-6,-4.5475E-6,8.5753E-6
3419.34473,-2.443E-7,-1.67E-7,6.3684E-6,9.7248E-6
3421.2733,3.591E-7,1.6629E-6,2.57887E-5,1.51367E-5
3423.20186,3.821E-7,1.316E-6,3.00934E-5,1.25042E-5
3425.13043,7.476E-7,-1.0711E-6,2.11499E-5,2.6584E-6
3427.05899,1.0481E-6,-3.5313E-6,1.9352E-5,-2.634E-6
3428.98756,8.248E-7,-4.6959E-6,1.65518E-5,7.6875E-6
3430.91612,2.978E-7,-3.8321E-6,4.6718E-6,2.27194E-5
3432.84468,2.255E-7,1.1414E-6,-3.1243E-6,1.80409E-5
3434.77325,8.104E-7,6.4027E-6,-3.3387E-6,3.2204E-6
3436.70181,9.026E-7,4.0862E-6,-1.0358E-6,5.1254E-6
3438.63038,5.484E-7,-5.8848E-6,-4.008E-7,1.21133E-5
3440.55894,2.476E-7,-1.24885E-5,-3.6798E-6,8.728E-7
3442.48751,-3.921E-7,-8.7815E-6,-7.0999E-6,-1.48941E-5
3444.41607,-6.532E-7,-2.531E-6,-6.8444E-6,-1.68862E-5
3446.34464,-2.42E-8,-3.771E-7,-3.0693E-6,-1.20804E-5
3448.2732,4.142E-7,-5.848E-7,-7.89E-8,-3.4381E-6
3450.20176,1.971E-7,-2.9658E-6,-1.5867E-6,9.4236E-6
3452.13033,-9.36E-8,-5.4944E-6,-4.5846E-6,1.28783E-5
3454.05889,-9.77E-8,-4.4475E-6,-2.9145E-6,-4.664E-7
3455.98746,7.66E-8,-3.9334E-6,2.5524E-6,-1.6762E-5
3457.91602,1.42E-7,-6.7951E-6,6.4398E-6,-2.12956E-5
3459.84459,-3.045E-7,-7.9777E-6,9.6974E-6,-2.31571E-5
3461.77315,-9.414E-7,-5.0932E-6,1.22557E-5,-3.06181E-5
3463.70171,-8.668E-7,-3.542E-7,8.6716E-6,-2.81495E-5
3465.63028,-1.688E-7,3.0104E-6,3.54E-7,-9.317E-6
3467.55884,1.355E-7,3.6006E-6,-5.5109E-6,1.33646E-5
3469.48741,5.19E-8,3.2503E-6,-8.3787E-6,3.08228E-5
3471.41597,7.33E-7,2.8301E-6,-9.9997E-6,3.56574E-5
3473.34454,1.8858E-6,1.5011E-6,-8.0137E-6,2.14963E-5
3475.2731,1.7191E-6,-8.038E-7,-3.8015E-6,8.55E-7
3477.20167,-1.38E-8,-2.6822E-6,-6.452E-7,-4.2679E-6
3479.13023,-1.0496E-6,-2.4486E-6,3.0942E-6,6.1628E-6
3481.05879,5.82E-8,7.905E-7,7.52E-6,1.21115E-5
3482.98736,1.4579E-6,4.1506E-6,8.8852E-6,6.916E-6
3484.91592,1.6003E-6,2.7329E-6,6.4595E-6,2.7264E-6
3486.84449,1.6366E-6,-1.4474E-6,3.3503E-6,2.3506E-6
3488.77305,1.9062E-6,-2.7493E-6,1.7551E-6,-2.1983E-6
3490.70162,1.4277E-6,-3.318E-7,2.2887E-6,-7.9597E-6
3492.63018,3.96E-8,4.2984E-6,3.6678E-6,-4.9522E-6
3494.55875,-1.438E-6,1.03336E-5,4.6564E-6,4.2611E-6
3496.48731,-1.97E-6,1.42234E-5,6.0037E-6,7.9314E-6
3498.41587,-1.6127E-6,1.234E-5,6.4171E-6,4.378E-6
3500.34444,-1.6233E-6,7.4852E-6,4.6391E-6,8.282E-7
3502.273,-2.954E-6,2.1632E-6,2.5919E-6,1.2111E-6
3504.20157,-4.7639E-6,-2.58E-7,1.4368E-6,4.2816E-6
3506.13013,-5.4213E-6,8.072E-6,6.502E-7,9.3357E-6
3508.0587,-4.7732E-6,2.11877E-5,3.216E-7,1.31981E-5
3509.98726,-3.5285E-6,2.31128E-5,1.42E-7,9.5885E-6
3511.91583,-2.0074E-6,1.23037E-5,-4.509E-7,3.9529E-6
3513.84439,-2.8307E-6,-2.041E-7,-8.521E-7,4.3286E-6
3515.77295,-8.1191E-6,-8.0823E-6,-1.1886E-6,5.0286E-6
3517.70152,-1.40408E-5,-1.69793E-5,-1.4984E-6,3.885E-7
3519.63008,-1.66015E-5,-2.69968E-5,-1.2833E-6,-5.4613E-6
3521.55865,-2.16209E-5,-3.02717E-5,-1.2619E-6,-6.5692E-6
3523.48721,-3.22392E-5,-4.08061E-5,-1.3607E-6,-4.145E-6
3525.41578,-2.84806E-5,-6.90545E-5,-1.0532E-6,-3.269E-6
3527.34434,-7.6206E-6,-7.45042E-5,-6.573E-7,-4.5808E-6
3529.27291,-6.48E-8,-2.93004E-5,8.43E-8,-7.3415E-6
3531.20147,1.1526E-6,9.5509E-6,3.372E-7,-9.6313E-6
3533.13003,2.05955E-5,-4.8364E-6,-1.2219E-6,-9.4293E-6
3535.0586,3.60701E-5,-2.1561E-5,-3.3731E-6,-8.7012E-6
3536.98716,2.69451E-5,-1.8569E-6,-4.3163E-6,-6.2712E-6
3538.91573,9.1522E-6,1.45916E-5,-4.1767E-6,-8.175E-7
3540.84429,1.2026E-6,7.5925E-6,-3.297E-6,1.7569E-6
3542.77286,2.8952E-6,6.123E-7,-2.3597E-6,-8.931E-7
3544.70142,1.2682E-6,6.274E-7,-2.4098E-6,-3.2821E-6
3546.62999,-6.6373E-6,-1.5977E-6,-2.3655E-6,-1.6705E-6
3548.55855,-9.5806E-6,-8.4503E-6,-1.2156E-6,6.63E-7
3550.48711,-5.5111E-6,-1.50509E-5,-6.687E-7,6.033E-7
3552.41568,-2.6767E-6,-1.16137E-5,-1.0486E-6,1.5011E-6
3554.34424,-1.1611E-6,2.7094E-6,-7.65E-8,2.4551E-6
3556.27281,9.071E-7,1.20888E-5,2.2138E-6,-5.174E-7
3558.20137,-2.205E-7,7.2315E-6,3.1342E-6,-2.986E-6
3560.12994,-2.7341E-6,-5.808E-7,2.4692E-6,-1.373E-6
3562.0585,-2.4212E-6,-1.1185E-6,2.436E-6,7.497E-7
3563.98707,-1.3672E-6,-4.498E-7,2.8647E-6,2.109E-6
3565.91563,-1.473E-6,-2.4438E-6,2.1062E-6,4.6196E-6
3567.84419,-1.4205E-6,-5.146E-7,1.0816E-6,5.4948E-6
3569.77276,-5.728E-7,3.0891E-6,1.4219E-6,1.078E-6
3571.70132,3.395E-7,5.881E-7,2.2241E-6,-4.2987E-6
3573.62989,7.316E-7,-5.6305E-6,1.5471E-6,-6.4613E-6
3575.55845,1.0951E-6,-9.2031E-6,-1.034E-7,-8.3524E-6
3577.48702,1.9877E-6,-8.8925E-6,-8.588E-7,-1.16381E-5
3579.41558,2.1918E-6,-6.0218E-6,-8.404E-7,-1.27547E-5
3581.34415,1.6008E-6,-2.1538E-6,-5.409E-7,-8.2578E-6
3583.27271,1.5157E-6,-7.245E-7,3.657E-7,-1.0631E-6
3585.20127,1.9446E-6,-1.7254E-6,1.0318E-6,1.7912E-6
3587.12984,1.8247E-6,-9.525E-7,5.654E-7,1.0602E-6
3589.0584,3.065E-7,7.528E-7,-1.016E-7,1.5789E-6
3590.98697,-1.5924E-6,3.46E-8,-2.034E-7,2.0069E-6
3592.91553,-1.6159E-6,-1.6059E-6,2.243E-7,3.3329E-6
3594.8441,4.5E-9,-1.6333E-6,1.0246E-6,6.9713E-6
3596.77266,1.3562E-6,-1.2227E-6,1.3936E-6,7.5742E-6
3598.70123,1.6727E-6,-9.008E-7,1.0445E-6,4.206E-6
3600.62979,1.0137E-6,4.742E-7,7.098E-7,2.7872E-6
3602.55835,-2.359E-7,6.669E-7,8.917E-7,4.9779E-6
3604.48692,-1.094E-6,-1.4943E-6,1.1263E-6,6.8419E-6
3606.41548,-9.245E-7,-2.7182E-6,7.976E-7,4.8419E-6
3608.34405,1.081E-7,-5.973E-7,5.36E-8,1.1924E-6
3610.27261,9.494E-7,2.4129E-6,4.38E-8,1.1013E-6
3612.20118,6.723E-7,1.5821E-6,1.0026E-6,3.2964E-6
3614.12974,-3.227E-7,-2.4889E-6,1.7835E-6,3.3827E-6
3616.0583,-8.86E-7,-3.4842E-6,2.1373E-6,3.406E-6
3617.98687,-2.893E-7,1.3442E-6,2.5457E-6,4.9671E-6
3619.91543,6.834E-7,4.8995E-6,2.8936E-6,2.7021E-6
3621.844,1.298E-6,1.6607E-6,2.4695E-6,-2.6421E-6
3623.77256,2.0793E-6,-2.95E-7,1.1931E-6,-2.8109E-6
3625.70113,2.8947E-6,4.4935E-6,8.972E-7,1.3686E-6
3627.62969,3.3097E-6,8.6466E-6,1.9871E-6,2.667E-6
3629.55826,3.2301E-6,6.1056E-6,2.4471E-6,7.051E-7
3631.48682,2.4417E-6,-8.884E-7,1.6833E-6,-1.1946E-6
3633.41538,1.2418E-6,-5.8325E-6,8.361E-7,-2.9347E-6
3635.34395,4.592E-7,-5.3462E-6,7.766E-7,-4.3953E-6
3637.27251,1.26E-7,-3.1169E-6,1.4473E-6,-3.9386E-6
3639.20108,-2.862E-7,-2.8564E-6,1.954E-6,-2.355E-6
3641.12964,-6.4E-7,-4.3064E-6,1.5002E-6,-6.119E-7
3643.05821,-2.731E-7,-5.7714E-6,4.274E-7,1.4392E-6
3644.98677,8.142E-7,-5.4664E-6,2.08E-7,3.1318E-6
3646.91534,1.7268E-6,-2.6613E-6,8.072E-7,4.3255E-6
3648.8439,1.9322E-6,-9.46E-8,6.364E-7,4.2582E-6
3650.77246,1.6506E-6,-1.651E-6,-7.562E-7,3.2169E-6
3652.70103,1.2993E-6,-5.5268E-6,-2.2174E-6,2.6476E-6
3654.62959,1.0052E-6,-8.4175E-6,-2.8253E-6,2.4602E-6
3656.55816,3.356E-7,-9.8215E-6,-2.4188E-6,2.4814E-6
3658.48672,-5.27E-7,-1.05496E-5,-1.2077E-6,1.191E-6
3660.41529,-9.573E-7,-1.29681E-5,2.09E-7,-1.5454E-6
3662.34385,-5.455E-7,-1.38366E-5,1.2055E-6,-2.547E-6
3664.27242,6.99E-7,-8.7536E-6,1.8086E-6,-1.3249E-6
3666.20098,1.8408E-6,-1.966E-6,2.2399E-6,1.2452E-6
3668.12954,2.299E-6,2.1536E-6,2.3781E-6,4.6371E-6
3670.05811,2.2189E-6,3.0753E-6,1.8706E-6,5.7518E-6
3671.98667,1.8238E-6,3.1055E-6,1.1217E-6,2.7296E-6
3673.91524,1.8331E-6,5.0741E-6,9.629E-7,-1.8989E-6
3675.8438,2.1898E-6,6.353E-6,1.2471E-6,-3.7599E-6
3677.77237,1.4821E-6,3.6741E-6,1.0446E-6,-1.3666E-6
3679.70093,-3.604E-7,-1.8718E-6,6.016E-7,1.5712E-6
3681.6295,-1.6446E-6,-5.4113E-6,5.819E-7,1.8769E-6
3683.55806,-1.5582E-6,-2.4771E-6,8.83E-7,1.0496E-6
3685.48662,-7.599E-7,3.8775E-6,8.623E-7,1.2155E-6
3687.41519,3.051E-7,6.4157E-6,2.962E-7,1.696E-7
3689.34375,4.986E-7,1.2674E-6,-2.322E-7,-4.4196E-6
3691.27232,-1.0198E-6,-6.9938E-6,-1.288E-7,-8.5397E-6
3693.20088,-2.64E-6,-9.5648E-6,2.906E-7,-8.4522E-6
3695.12945,-2.7215E-6,-6.167E-6,2.986E-7,-6.9862E-6
3697.05801,-1.8171E-6,-2.9713E-6,-5.744E-7,-7.4235E-6
3698.98658,-1.0524E-6,-1.6576E-6,-1.5846E-6,-8.0874E-6
3700.91514,-1.08E-6,-4.949E-7,-1.6536E-6,-5.3033E-6
3702.8437,-1.5794E-6,1.1513E-6,-8.353E-7,6.541E-7
3704.77227,-1.2903E-6,2.9233E-6,2.193E-7,5.0244E-6
3706.70083,4.04E-8,3.307E-6,6.223E-7,4.9666E-6
3708.6294,1.6063E-6,1.9066E-6,3.598E-7,3.0878E-6
3710.55796,2.6408E-6,5.628E-7,-1.412E-7,2.2897E-6
3712.48653,1.9408E-6,-5.529E-7,-1.0615E-6,2.1951E-6
3714.41509,6.57E-8,-8.542E-7,-1.9161E-6,3.0389E-6
3716.34366,-1.0015E-6,8.287E-7,-1.9303E-6,3.7296E-6
3718.27222,-8.643E-7,2.2099E-6,-1.3833E-6,6.245E-7
3720.20078,3.06E-7,1.8336E-6,-8.839E-7,-2.7988E-6
3722.12935,1.7764E-6,8.95E-8,-5.812E-7,-7.145E-7
3724.05791,1.8223E-6,-3.0656E-6,-2.965E-7,1.0292E-6
3725.98648,5.678E-7,-5.9695E-6,6.072E-7,-3.0772E-6
3727.91504,-4.177E-7,-8.3661E-6,1.9411E-6,-6.5691E-6
3729.84361,-6.202E-7,-1.09198E-5,2.2914E-6,-5.1379E-6
3731.77217,-1.358E-7,-9.2929E-6,1.2937E-6,-2.6263E-6
3733.70074,7.516E-7,-1.7476E-6,4.361E-7,-2.4848E-6
3735.6293,8.305E-7,4.3165E-6,3.543E-7,-3.9061E-6
3737.55786,-3.447E-7,4.7843E-6,3.212E-7,-4.0665E-6
3739.48643,-9.818E-7,3.6746E-6,6.388E-7,-3.3283E-6
3741.41499,2.438E-7,3.7114E-6,1.8663E-6,-4.0755E-6
3743.34356,2.1367E-6,2.1101E-6,2.4769E-6,-4.8655E-6
3745.27212,3.0707E-6,-4.2981E-6,1.9501E-6,-4.3055E-6
3747.20069,3.264E-6,-1.05187E-5,1.9885E-6,-4.6443E-6
3749.12925,3.1874E-6,-9.7469E-6,1.7826E-6,-4.7775E-6
3751.05781,2.7801E-6,-4.7254E-6,6.16E-8,-1.9313E-6
3752.98638,2.3233E-6,-1.5858E-6,-1.2848E-6,1.0851E-6
3754.91494,1.3979E-6,-3.763E-7,-1.0546E-6,2.3573E-6
3756.84351,-9.02E-8,2.2558E-6,-4.887E-7,5.5441E-6
3758.77207,-1.1135E-6,5.2838E-6,-5.208E-7,9.9721E-6
3760.70064,-1.2255E-6,3.6123E-6,-8.191E-7,9.9284E-6
3762.6292,-1.1474E-6,-2.6642E-6,-6.903E-7,5.2466E-6
3764.55777,-1.7069E-6,-6.6422E-6,-1.135E-7,-1.335E-7
3766.48633,-2.2392E-6,-3.4108E-6,-5.22E-8,-3.7734E-6
3768.41489,-1.489E-6,4.2725E-6,-1.1135E-6,-4.6236E-6
3770.34346,-3.459E-7,8.9152E-6,-2.0009E-6,-3.1654E-6
3772.27202,-1.88E-7,6.3823E-6,-1.6029E-6,-4.613E-7
3774.20059,-4.416E-7,5.435E-7,-8.373E-7,1.4849E-6
3776.12915,-1.188E-7,-3.8563E-6,-4.492E-7,1.3024E-6
3778.05772,2.057E-7,-5.9428E-6,-7.99E-8,-5.321E-7
3779.98628,-2.039E-7,-4.3183E-6,2.505E-7,-3.0021E-6
3781.91485,-4.52E-7,4.995E-7,6.35E-8,-3.9829E-6
3783.84341,3.31E-7,4.2936E-6,-2.398E-7,-3.2124E-6
3785.77197,1.213E-6,6.4637E-6,-1.1E-7,-9.131E-7
3787.70054,1.3882E-6,8.725E-6,2.205E-7,3.2183E-6
3789.6291,1.229E-6,8.499E-6,3.393E-7,4.8639E-6
3791.55767,9.98E-7,3.6574E-6,7.38E-8,5.798E-7
3793.48623,4.231E-7,-1.3883E-6,-1.501E-7,-4.7726E-6
3795.4148,-1.545E-7,-2.2309E-6,-2.855E-7,-4.9056E-6
3797.34336,-9.6E-8,5.412E-7,-6.574E-7,-1.0617E-6
3799.27193,6.294E-7,4.233E-6,-7.808E-7,1.5885E-6
3801.20049,1.4829E-6,4.7061E-6,-2.308E-7,1.6326E-6
3803.12905,1.9731E-6,7.978E-7,9.967E-7,3.0165E-6
3805.05762,1.7841E-6,-2.86E-6,2.0216E-6,5.9808E-6
3806.98618,8.974E-7,-3.7573E-6,2.0878E-6,3.2718E-6
3808.91475,-1.742E-7,-3.2642E-6,1.8928E-6,-4.3416E-6
3810.84331,-9.854E-7,-9.53E-7,1.5289E-6,-7.025E-6
3812.77188,-1.1476E-6,3.0104E-6,6.742E-7,-3.794E-6
3814.70044,-1.097E-7,4.4124E-6,-1.367E-7,-1.465E-6
3816.62901,1.6058E-6,2.3185E-6,-7.88E-7,-3.827E-7
3818.55757,2.3595E-6,2.4949E-6,-9.747E-7,3.8459E-6
3820.48613,1.3609E-6,5.6482E-6,-2.126E-7,7.8927E-6
3822.4147,-9.49E-8,6.5992E-6,1.2051E-6,6.4671E-6
3824.34326,-7.148E-7,4.4171E-6,2.0546E-6,1.7066E-6
3826.27183,-2.942E-7,6.738E-7,1.1954E-6,-1.3881E-6
3828.20039,9.953E-7,-2.6657E-6,6.7E-8,-1.0229E-6
3830.12896,1.7295E-6,-2.9508E-6,9.324E-7,-1.759E-7
3832.05752,8.84E-7,-5.768E-7,2.2597E-6,-4.849E-7
3833.98609,-1.451E-7,2.1531E-6,1.9886E-6,9.53E-8
3835.91465,4.673E-7,4.2517E-6,1.0271E-6,8.53E-8
3837.84321,1.674E-6,6.5301E-6,7.35E-8,-3.2988E-6
3839.77178,1.4608E-6,8.1809E-6,-1.0509E-6,-6.2376E-6
3841.70034,8.054E-7,6.1642E-6,-1.619E-6,-5.1528E-6
3843.62891,7.449E-7,2.4527E-6,-2.0927E-6,-3.4842E-6
3845.55747,-2.037E-7,2.0435E-6,-2.7026E-6,-2.6075E-6
3847.48604,-2.0125E-6,3.0472E-6,-2.0736E-6,-9.216E-7
3849.4146,-1.7632E-6,1.6361E-6,-3.797E-7,8.962E-7
3851.34317,1.2927E-6,6.491E-7,1.2585E-6,2.5124E-6
3853.27173,4.4813E-6,2.4346E-6,2.1438E-6,2.1526E-6
3855.20029,5.5205E-6,4.4244E-6,1.6124E-6,-8.855E-7
3857.12886,4.4579E-6,4.8645E-6,5.397E-7,-1.8952E-6
3859.05742,3.4728E-6,4.8412E-6,6.19E-8,-3.356E-7
3860.98599,3.8019E-6,6.3894E-6,6.41E-8,-3.95E-7
3862.91455,4.1584E-6,6.8221E-6,2.946E-7,-6.779E-7
3864.84312,3.7114E-6,2.2706E-6,2.888E-7,8.678E-7
3866.77168,3.9944E-6,-1.323E-6,1.47E-8,1.3591E-6
3868.70025,5.3018E-6,1.7485E-6,3.159E-7,-8.532E-7
3870.62881,3.6679E-6,4.1578E-6,1.7852E-6,-6.6371E-6
3872.55737,-1.3373E-6,1.0375E-6,3.1791E-6,-1.34608E-5
3874.48594,-4.4046E-6,-1.5836E-6,2.8574E-6,-1.379E-5
3876.4145,-4.1708E-6,-1.8399E-6,1.9296E-6,-8.081E-6
3878.34307,-3.0608E-6,-3.6431E-6,2.0192E-6,-5.6227E-6
3880.27163,-1.5939E-6,-8.7862E-6,1.8315E-6,-8.1715E-6
3882.2002,-2.443E-7,-1.2941E-5,4.885E-7,-9.3794E-6
3884.12876,-2.894E-7,-9.9317E-6,-4.72E-7,-8.5307E-6
3886.05733,-7.613E-7,-3.2825E-6,-7.103E-7,-8.9962E-6
3887.98589,4.9E-8,1.6101E-6,-1.1472E-6,-1.01228E-5
3889.91445,1.1688E-6,5.2202E-6,-1.7591E-6,-9.3497E-6
3891.84302,1.3546E-6,5.2329E-6,-2.1285E-6,-5.6763E-6
3893.77158,1.4273E-6,2.2034E-6,-9.77E-7,-1.3304E-6
3895.70015,1.7316E-6,1.54E-6,1.3825E-6,1.166E-6
3897.62871,1.504E-6,2.9996E-6,2.3075E-6,1.8045E-6
3899.55728,1.2325E-6,5.0804E-6,1.0559E-6,6.562E-7
3901.48584,1.7578E-6,7.734E-6,-9.795E-7,-4.075E-7
3903.4144,2.3949E-6,5.2932E-6,-1.788E-6,8.064E-7
3905.34297,2.7483E-6,-1.3586E-6,-7.588E-7,2.4106E-6
3907.27153,2.6356E-6,-3.2526E-6,9.65E-7,2.7445E-6
3909.2001,1.1999E-6,-2.8309E-6,2.1631E-6,2.938E-6
3911.12866,-5.48E-7,-5.6509E-6,2.5586E-6,2.3731E-6
3913.05723,-9.724E-7,-7.2343E-6,2.4971E-6,1.2995E-6
3914.98579,-7.561E-7,-5.3748E-6,1.9966E-6,2.3114E-6
3916.91436,-7.328E-7,-2.8173E-6,1.201E-6,3.4104E-6
3918.84292,-7.112E-7,-5.756E-7,6.488E-7,1.0716E-6
3920.77148,-9.967E-7,-9.22E-8,-1.053E-7,-2.671E-6
3922.70005,-8.07E-7,-7.773E-7,-7.866E-7,-4.3784E-6
3924.62861,8.782E-7,9.61E-8,-1.1242E-6,-3.5508E-6
3926.55718,2.2293E-6,1.8327E-6,-1.4857E-6,-7.973E-7
3928.48574,1.817E-6,3.3245E-6,-1.0961E-6,2.7165E-6
3930.41431,6.258E-7,3.8831E-6,2.333E-7,5.3433E-6
3932.34287,1.209E-7,2.3383E-6,1.1215E-6,6.9062E-6
3934.27144,9.529E-7,-1.776E-7,9.796E-7,5.8182E-6
3936.2,1.8008E-6,-2.5249E-6,3.212E-7,1.1581E-6
3938.12856,1.052E-6,-2.1963E-6,-1.088E-7,-1.357E-6
3940.05713,-6.97E-8,2.8678E-6,-1.414E-7,1.4687E-6
3941.98569,-1.157E-7,6.6454E-6,-5.446E-7,3.3755E-6
3943.91426,3.395E-7,3.7516E-6,-1.0302E-6,6.081E-7
3945.84282,3.304E-7,-3.65E-7,3.49E-8,-1.5122E-6
3947.77139,6.43E-8,9.668E-7,1.8589E-6,3.67E-8
3949.69995,1.774E-7,5.5759E-6,1.9912E-6,1.965E-6
3951.62852,4.699E-7,7.3876E-6,9.384E-7,1.3427E-6
3953.55708,1.796E-7,4.8809E-6,4.915E-7,4.242E-7
3955.48564,-4.719E-7,1.8088E-6,3.695E-7,4.0998E-6
3957.41421,-9.406E-7,1.1387E-6,1.571E-7,7.3051E-6
3959.34277,-1.0118E-6,1.152E-6,5.049E-7,4.9406E-6
3961.27134,-5.42E-8,-1.3902E-6,1.5243E-6,3.6335E-6
3963.1999,1.2794E-6,-5.6202E-6,2.3599E-6,2.6774E-6
3965.12847,1.3318E-6,-5.6573E-6,2.4565E-6,-1.8348E-6
3967.05703,2.604E-7,8.74E-7,2.3414E-6,-2.7552E-6
3968.9856,-4.696E-7,6.8586E-6,2.1598E-6,1.4062E-6
3970.91416,-2.627E-7,6.3013E-6,1.5847E-6,3.022E-6
3972.84272,4.09E-7,1.5014E-6,1.3236E-6,3.75E-7
3974.77129,9.694E-7,-2.9156E-6,1.8861E-6,-2.182E-6
3976.69985,1.3407E-6,-3.1759E-6,2.4674E-6,-1.0954E-6
3978.62842,7.225E-7,8.338E-7,2.0692E-6,2.6064E-6
3980.55698,-8.324E-7,4.0154E-6,1.1773E-6,2.9112E-6
3982.48555,-7.607E-7,1.7426E-6,7.831E-7,-1.9247E-6
3984.41411,1.1105E-6,-3.9859E-6,3.918E-7,-4.1935E-6
3986.34268,1.4353E-6,-6.4856E-6,-3.656E-7,2.065E-7
3988.27124,-7.142E-7,-3.9926E-6,-6.517E-7,6.3869E-6
3990.1998,-2.0545E-6,2.695E-7,-5.95E-7,9.5567E-6
3992.12837,-9.941E-7,3.3461E-6,-8.007E-7,7.6505E-6
3994.05693,1.873E-7,3.2985E-6,-6.06E-7,1.9886E-6
3995.9855,2.251E-7,1.2034E-6,-2.92E-7,-2.1886E-6
3997.91406,4.635E-7,-2.5693E-6,-1.3699E-6,-3.7145E-6
